Connector Feature Checklist,,,
Data Source,,Yammer Suite,
,,,
Entities,List of Entities,"Organization,User,User Profile,Inbox,Community,Files,Event,Conversation,Message,Attachment,Thread Replies.",
,Root entity which will be configurable in connector,Organization,
,,,
Authentication,Authentication,Response,Comment
,Oauth 2,,"client_id, client_secert, username and password would be used to generate the OAuth2 token"
,,,
Full Crawl,,,
Full crawl,"Export all data since February 10, 2022","The response is an application/zip (ZIP file) payload encapsulating the contents of the data export. Internally, the ZIP file will contain the following files and directories for a complete export: Users.csv,Groups.csv,Messages.csv,MessageVersions.csv,Topics.csv,Tags.csv,Files.csv,files,Admins.csv,Networks.csv,log.txt,request.txt",https://export.yammer.com/api/v1/export?since=2022-02-10T00:00:00+00:00
,,,
Incremental Crawl,,,
Message,"Export all data since February 9, 2021, and until March 10th, 2022","The response is an application/zip (ZIP file) payload encapsulating the contents of the data export. Internally, the ZIP file will contain the following files and directories for a complete export: Users.csv,Groups.csv,Messages.csv,MessageVersions.csv,Topics.csv,Tags.csv,Files.csv,files,Admins.csv,Networks.csv,log.txt,request.txt",https://export.yammer.com/api/v1/export?since=2021-02-09T00:00:00+00:00&until=2022-03-10T00:00:00+00:00
,Get Message By Id,"{
    ""id"": 1709507630424064,
    ""sender_id"": 1448016510976,
    ""delegate_id"": null,
    ""replied_to_id"": null,
    ""created_at"": ""2022/04/25 05:46:35 +0000"",
    ""network_id"": 23920443392,
    ""message_type"": ""update"",
    ""sender_type"": ""user"",
    ""url"": ""https://www.yammer.com/api/v1/messages/1709507630424064"",
    ""web_url"": ""https://www.yammer.com/kendra001.onmicrosoft.com/messages/1709507630424064"",
    ""group_id"": 104002035712,
    ""body"": {
        ""parsed"": ""Discussing this with Demo Persistent"",
        ""plain"": ""Discussing this with Demo Persistent"",
        ""rich"": ""Discussing this with Demo Persistent""
    },
    ""thread_id"": 1709507630424064,
    ""client_type"": ""The new Yammer"",
    ""client_url"": ""https://beta.yammer.com"",
    ""system_message"": false,
    ""direct_message"": false,
    ""chat_client_sequence"": null,
    ""language"": ""en"",
    ""notified_user_ids"": [],
    ""privacy"": ""public"",
    ""attachments"": [],
    ""liked_by"": {
        ""count"": 0,
        ""names"": []
    },
    ""content_excerpt"": ""Discussing this with Demo Persistent""
}",https://www.yammer.com/api/v1/messages/:messageId.json
,,,
User,Get User By Id,"[
    {
        ""type"": ""user"",
        ""id"": 1401054601216,
        ""network_id"": 23920443392,
        ""state"": ""active"",
        ""job_title"": """",
        ""location"": """",
        ""interests"": null,
        ""summary"": """",
        ""expertise"": null,
        ""full_name"": ""DemoUser"",
        ""activated_at"": ""2022/03/07 22:17:50 +0000"",
        ""auto_activated"": false,
        ""show_ask_for_photo"": false,
        ""first_name"": ""DemoUser"",
        ""last_name"": """",
        ""network_name"": ""Amazon"",
        ""network_domains"": [
            ""kendra001.onmicrosoft.com""
        ],
        ""url"": ""https://www.yammer.com/api/v1/users/1401054601216"",
        ""web_url"": ""https://www.yammer.com/kendra001.onmicrosoft.com/users/1401054601216"",
        ""name"": ""demouser"",
        ""mugshot_url"": ""https://mugshot0.assets-yammer.com/mugshot/images/6zc5pGkzlCv9SlsTSppPZk73XLSR8L6F_86851dfe-7100-49d0-8ff3-74e304bbee1b?P1=1651672673&P2=104&P3=1&P4=eD1FWkjv7F0I-tua4f1MjjGcHfPuJzuGKHTgqhdjVFaz_gqQkfF1LpOcjf67U3CxcJGPCbE2FU7YCI4UP08S6JW1LDNzHEGFPos1BdZDeo7hYvdh90NPYcHEn542INKIru0Zu583o6N0FPIoslkgOdA0XxMZAD8ESQ39VlkLQe0112liFn3cGVgIRKxsqWud4v4oaz34dzf66DvmhgKY74rW6CclllFCX34DpQMd1aMBb0r9n9kxaBdOB0WhCOSMNZkBnWp1KWhhiDFFT9pjCUXrIGC99G7PPha9ziYJOhtfPO6YT6_q8_r8Z7yEXqdLW_W12vStsatqhCGLImLVXw&size=48x48"",
        ""mugshot_redirect_url"": ""https://www.yammer.com/mugshot/images/redirect/48x48/6zc5pGkzlCv9SlsTSppPZk73XLSR8L6F_86851dfe-7100-49d0-8ff3-74e304bbee1b"",
        ""mugshot_url_template"": ""https://mugshot0.assets-yammer.com/mugshot/images/6zc5pGkzlCv9SlsTSppPZk73XLSR8L6F_86851dfe-7100-49d0-8ff3-74e304bbee1b?P1=1651672673&P2=104&P3=1&P4=eD1FWkjv7F0I-tua4f1MjjGcHfPuJzuGKHTgqhdjVFaz_gqQkfF1LpOcjf67U3CxcJGPCbE2FU7YCI4UP08S6JW1LDNzHEGFPos1BdZDeo7hYvdh90NPYcHEn542INKIru0Zu583o6N0FPIoslkgOdA0XxMZAD8ESQ39VlkLQe0112liFn3cGVgIRKxsqWud4v4oaz34dzf66DvmhgKY74rW6CclllFCX34DpQMd1aMBb0r9n9kxaBdOB0WhCOSMNZkBnWp1KWhhiDFFT9pjCUXrIGC99G7PPha9ziYJOhtfPO6YT6_q8_r8Z7yEXqdLW_W12vStsatqhCGLImLVXw&size={width}x{height}"",
        ""mugshot_redirect_url_template"": ""https://www.yammer.com/mugshot/images/redirect/{width}x{height}/6zc5pGkzlCv9SlsTSppPZk73XLSR8L6F_86851dfe-7100-49d0-8ff3-74e304bbee1b"",
        ""birth_date"": """",
        ""birth_date_complete"": """",
        ""timezone"": ""Pacific Time (US & Canada)"",
        ""external_urls"": [],
        ""admin"": ""true"",
        ""verified_admin"": ""true"",
        ""m365_yammer_admin"": ""false"",
        ""supervisor_admin"": ""false"",
        ""o365_tenant_admin"": ""true"",
        ""can_broadcast"": ""true"",
        ""department"": null,
        ""email"": ""demouser@kendra001.onmicrosoft.com"",
        ""guest"": false,
        ""aad_guest"": false,
        ""can_view_delegations"": false,
        ""can_create_new_network"": true,
        ""can_browse_external_networks"": true,
        ""reaction_accent_color"": ""none"",
        ""significant_other"": """",
        ""kids_names"": """",
        ""previous_companies"": [],
        ""schools"": [],
        ""contact"": {
            ""im"": {
                ""provider"": """",
                ""username"": """"
            },
            ""phone_numbers"": [],
            ""email_addresses"": [
                {
                    ""type"": ""primary"",
                    ""address"": ""demouser@kendra001.onmicrosoft.com""
                }
            ],
            ""has_fake_email"": false
        },
        ""stats"": {
            ""following"": 0,
            ""followers"": 0,
            ""updates"": 0
        },
        ""settings"": {
            ""xdr_proxy"": """"
        },
        ""show_invite_lightbox"": false
    },
    {
        ""type"": ""user"",
        ""id"": 1447881023488,
        ""network_id"": 23920443392,
        ""state"": ""active"",
        ""job_title"": """",
        ""location"": """",
        ""interests"": null,
        ""summary"": """",
        ""expertise"": null,
        ""full_name"": ""Parvin123"",
        ""activated_at"": ""2022/04/11 09:52:35 +0000"",
        ""auto_activated"": false,
        ""show_ask_for_photo"": false,
        ""first_name"": ""Parvin123"",
        ""last_name"": """",
        ""network_name"": ""Amazon"",
        ""network_domains"": [
            ""kendra001.onmicrosoft.com""
        ],
        ""url"": ""https://www.yammer.com/api/v1/users/1447881023488"",
        ""web_url"": ""https://www.yammer.com/kendra001.onmicrosoft.com/users/1447881023488"",
        ""name"": ""parvin1"",
        ""mugshot_url"": ""https://mugshot0.assets-yammer.com/mugshot/images/K9Z1ltz6KjRKnhxdCZSPZVZfNNDMd5Tc_e6d748a6-e340-4bc7-901a-5d121c6b1e5d?P1=1651672674&P2=104&P3=1&P4=nSTmf4wn3Ci1UT3d_7CuXavXygG_tUfDYEOGMsqjWcAY1JvW7Ctaad9dvFbEQPLANugQb-ZH0a362P3GsCwzRZdPSSDfNsTruxqm1V8VnN6m_n3RGxgi8nkEmIMtjTjZDnwwlJo7y1NuqYVBwkHL4ojeu1Vw5VUEiOTk4BSqylVAKgzX--RzfISrdh5D7vYbZmIkVtSuAZuyOkPY3TBD3MgL2FQDuLGIAPc2luaHwPKQQauPuDvaAo2tew7MFBL1BXBvRobdOXVG13eGg30Zir9aJAjTdRpWGfl4-J6Hr8tubRTjsvL4qYpzMHcKKNpS4900uC37q48BayqpevzBfw&size=48x48"",
        ""mugshot_redirect_url"": ""https://www.yammer.com/mugshot/images/redirect/48x48/K9Z1ltz6KjRKnhxdCZSPZVZfNNDMd5Tc_e6d748a6-e340-4bc7-901a-5d121c6b1e5d"",
        ""mugshot_url_template"": ""https://mugshot0.assets-yammer.com/mugshot/images/K9Z1ltz6KjRKnhxdCZSPZVZfNNDMd5Tc_e6d748a6-e340-4bc7-901a-5d121c6b1e5d?P1=1651672674&P2=104&P3=1&P4=nSTmf4wn3Ci1UT3d_7CuXavXygG_tUfDYEOGMsqjWcAY1JvW7Ctaad9dvFbEQPLANugQb-ZH0a362P3GsCwzRZdPSSDfNsTruxqm1V8VnN6m_n3RGxgi8nkEmIMtjTjZDnwwlJo7y1NuqYVBwkHL4ojeu1Vw5VUEiOTk4BSqylVAKgzX--RzfISrdh5D7vYbZmIkVtSuAZuyOkPY3TBD3MgL2FQDuLGIAPc2luaHwPKQQauPuDvaAo2tew7MFBL1BXBvRobdOXVG13eGg30Zir9aJAjTdRpWGfl4-J6Hr8tubRTjsvL4qYpzMHcKKNpS4900uC37q48BayqpevzBfw&size={width}x{height}"",
        ""mugshot_redirect_url_template"": ""https://www.yammer.com/mugshot/images/redirect/{width}x{height}/K9Z1ltz6KjRKnhxdCZSPZVZfNNDMd5Tc_e6d748a6-e340-4bc7-901a-5d121c6b1e5d"",
        ""birth_date"": """",
        ""birth_date_complete"": """",
        ""timezone"": ""Pacific Time (US & Canada)"",
        ""external_urls"": [],
        ""admin"": ""false"",
        ""verified_admin"": ""false"",
        ""m365_yammer_admin"": ""false"",
        ""supervisor_admin"": ""false"",
        ""o365_tenant_admin"": ""false"",
        ""can_broadcast"": ""false"",
        ""department"": null,
        ""email"": ""parvin1@kendra001.onmicrosoft.com"",
        ""guest"": false,
        ""aad_guest"": false,
        ""can_view_delegations"": false,
        ""can_create_new_network"": true,
        ""can_browse_external_networks"": true,
        ""reaction_accent_color"": ""none"",
        ""significant_other"": """",
        ""kids_names"": """",
        ""previous_companies"": [],
        ""schools"": [],
        ""contact"": {
            ""im"": {
                ""provider"": """",
                ""username"": """"
            },
            ""phone_numbers"": [],
            ""email_addresses"": [
                {
                    ""type"": ""primary"",
                    ""address"": ""parvin1@kendra001.onmicrosoft.com""
                }
            ],
            ""has_fake_email"": true
        },
        ""stats"": {
            ""following"": 0,
            ""followers"": 0,
            ""updates"": 0
        },
        ""settings"": {
            ""xdr_proxy"": """"
        },
        ""show_invite_lightbox"": false
    },
    {
        ""type"": ""user"",
        ""id"": 1448016510976,
        ""network_id"": 23920443392,
        ""state"": ""active"",
        ""job_title"": """",
        ""location"": """",
        ""interests"": null,
        ""summary"": """",
        ""expertise"": null,
        ""full_name"": ""Parvin123_Test"",
        ""activated_at"": ""2022/04/11 11:57:36 +0000"",
        ""auto_activated"": false,
        ""show_ask_for_photo"": false,
        ""first_name"": ""Parvin123_Test"",
        ""last_name"": """",
        ""network_name"": ""Amazon"",
        ""network_domains"": [
            ""kendra001.onmicrosoft.com""
        ],
        ""url"": ""https://www.yammer.com/api/v1/users/1448016510976"",
        ""web_url"": ""https://www.yammer.com/kendra001.onmicrosoft.com/users/1448016510976"",
        ""name"": ""parvin2"",
        ""mugshot_url"": ""https://mugshot0.assets-yammer.com/mugshot/images/KkVKxxLnP6PWMMbBztbKqCsmJcPDNkxh_ee15bed6-fc44-4311-b9e5-e3c9fbb19897?P1=1651671760&P2=104&P3=1&P4=C8qC0_s_LuExZiITtdvvB0-fDtYNVyiiMhcjKjoi7keCyDdpMa8EB0gdPo0OKsvtcigY0j7loDRIjvwPQPaVP-gaCrjDOxQMYE5BwogtirWYSGxQfdQoH0Tt289JnUm-fyQGeX03m-5nOQeQaKkwmkm7NA0cvlPQrt0XIO2TVWjyUbkELV4amgGLmkZ8GtYy7N3H_uSC4nAtjFw3ORrc4J-gek5dMLGIFPyJcpJAUNBbfznadTxJ3_8p6AxMsHkotR9gmoah3rSUjqwm3pTgJI_vfRSSMHrkN8zV30Ni_iUZvz7teF9wt24ymPuNikIdICnbuAJT9m3sZApsrJryQA&size=48x48"",
        ""mugshot_redirect_url"": ""https://www.yammer.com/mugshot/images/redirect/48x48/KkVKxxLnP6PWMMbBztbKqCsmJcPDNkxh_ee15bed6-fc44-4311-b9e5-e3c9fbb19897"",
        ""mugshot_url_template"": ""https://mugshot0.assets-yammer.com/mugshot/images/KkVKxxLnP6PWMMbBztbKqCsmJcPDNkxh_ee15bed6-fc44-4311-b9e5-e3c9fbb19897?P1=1651671760&P2=104&P3=1&P4=C8qC0_s_LuExZiITtdvvB0-fDtYNVyiiMhcjKjoi7keCyDdpMa8EB0gdPo0OKsvtcigY0j7loDRIjvwPQPaVP-gaCrjDOxQMYE5BwogtirWYSGxQfdQoH0Tt289JnUm-fyQGeX03m-5nOQeQaKkwmkm7NA0cvlPQrt0XIO2TVWjyUbkELV4amgGLmkZ8GtYy7N3H_uSC4nAtjFw3ORrc4J-gek5dMLGIFPyJcpJAUNBbfznadTxJ3_8p6AxMsHkotR9gmoah3rSUjqwm3pTgJI_vfRSSMHrkN8zV30Ni_iUZvz7teF9wt24ymPuNikIdICnbuAJT9m3sZApsrJryQA&size={width}x{height}"",
        ""mugshot_redirect_url_template"": ""https://www.yammer.com/mugshot/images/redirect/{width}x{height}/KkVKxxLnP6PWMMbBztbKqCsmJcPDNkxh_ee15bed6-fc44-4311-b9e5-e3c9fbb19897"",
        ""birth_date"": """",
        ""birth_date_complete"": """",
        ""timezone"": ""Ekaterinburg"",
        ""external_urls"": [],
        ""admin"": ""false"",
        ""verified_admin"": ""false"",
        ""m365_yammer_admin"": ""false"",
        ""supervisor_admin"": ""false"",
        ""o365_tenant_admin"": ""false"",
        ""can_broadcast"": ""false"",
        ""department"": null,
        ""email"": ""parvin2@kendra001.onmicrosoft.com"",
        ""guest"": false,
        ""aad_guest"": false,
        ""can_view_delegations"": false,
        ""can_create_new_network"": true,
        ""can_browse_external_networks"": true,
        ""reaction_accent_color"": ""none"",
        ""significant_other"": """",
        ""kids_names"": """",
        ""previous_companies"": [],
        ""schools"": [],
        ""contact"": {
            ""im"": {
                ""provider"": """",
                ""username"": """"
            },
            ""phone_numbers"": [],
            ""email_addresses"": [
                {
                    ""type"": ""primary"",
                    ""address"": ""parvin2@kendra001.onmicrosoft.com""
                }
            ],
            ""has_fake_email"": true
        },
        ""stats"": {
            ""following"": 2,
            ""followers"": 0,
            ""updates"": 0
        },
        ""settings"": {
            ""xdr_proxy"": """"
        },
        ""show_invite_lightbox"": false
    },
    {
        ""type"": ""user"",
        ""id"": 1429137874944,
        ""network_id"": 23920443392,
        ""state"": ""active"",
        ""job_title"": """",
        ""location"": """",
        ""interests"": null,
        ""summary"": """",
        ""expertise"": null,
        ""full_name"": ""persistent_test"",
        ""activated_at"": ""2022/03/28 10:31:40 +0000"",
        ""auto_activated"": false,
        ""show_ask_for_photo"": false,
        ""first_name"": ""persistent_test"",
        ""last_name"": """",
        ""network_name"": ""Amazon"",
        ""network_domains"": [
            ""kendra001.onmicrosoft.com""
        ],
        ""url"": ""https://www.yammer.com/api/v1/users/1429137874944"",
        ""web_url"": ""https://www.yammer.com/kendra001.onmicrosoft.com/users/1429137874944"",
        ""name"": ""persistenttest"",
        ""mugshot_url"": ""https://mugshot0.assets-yammer.com/mugshot/images/XJGqG2TdDJHHW30qG4nzPhjs59MR0Bg6_23c5d689-83cb-4999-8c3f-b4e7d4990a2f?P1=1651672435&P2=104&P3=1&P4=t3lLH8i1iaA8HzU1zMRyZIqQZfzlDsQ2Wsvmx7cKLL1b72BwG1q6UvawmYFPqXEohVfU_A9smNvKgPfsEuuI4NvLEfWkEdmz54Y8osQlPmppxHQ68_Ap2gMXmH2tDNzUlRqV0-SIJGhyepRwliRCQznEpZnsONljwNHwH4kH2vheGz-z2-q_cbCVK-vgt9k-JmZ8olsm_yv1Okw2ni1Jh-AgDBYRjqGANkhkoEA40InMrWkKDF6x17e0zCm2sgFrt1orycQ7SCQUDzLlaibA55Ibkmo9twT51pkD5xuYt-QDVjwbZnjq28z89HZHpIzT9i0-QJ_9a40Lg6qicvmMWg&size=48x48"",
        ""mugshot_redirect_url"": ""https://www.yammer.com/mugshot/images/redirect/48x48/XJGqG2TdDJHHW30qG4nzPhjs59MR0Bg6_23c5d689-83cb-4999-8c3f-b4e7d4990a2f"",
        ""mugshot_url_template"": ""https://mugshot0.assets-yammer.com/mugshot/images/XJGqG2TdDJHHW30qG4nzPhjs59MR0Bg6_23c5d689-83cb-4999-8c3f-b4e7d4990a2f?P1=1651672435&P2=104&P3=1&P4=t3lLH8i1iaA8HzU1zMRyZIqQZfzlDsQ2Wsvmx7cKLL1b72BwG1q6UvawmYFPqXEohVfU_A9smNvKgPfsEuuI4NvLEfWkEdmz54Y8osQlPmppxHQ68_Ap2gMXmH2tDNzUlRqV0-SIJGhyepRwliRCQznEpZnsONljwNHwH4kH2vheGz-z2-q_cbCVK-vgt9k-JmZ8olsm_yv1Okw2ni1Jh-AgDBYRjqGANkhkoEA40InMrWkKDF6x17e0zCm2sgFrt1orycQ7SCQUDzLlaibA55Ibkmo9twT51pkD5xuYt-QDVjwbZnjq28z89HZHpIzT9i0-QJ_9a40Lg6qicvmMWg&size={width}x{height}"",
        ""mugshot_redirect_url_template"": ""https://www.yammer.com/mugshot/images/redirect/{width}x{height}/XJGqG2TdDJHHW30qG4nzPhjs59MR0Bg6_23c5d689-83cb-4999-8c3f-b4e7d4990a2f"",
        ""birth_date"": """",
        ""birth_date_complete"": """",
        ""timezone"": ""Ekaterinburg"",
        ""external_urls"": [],
        ""admin"": ""true"",
        ""verified_admin"": ""true"",
        ""m365_yammer_admin"": ""false"",
        ""supervisor_admin"": ""false"",
        ""o365_tenant_admin"": ""false"",
        ""can_broadcast"": ""true"",
        ""department"": null,
        ""email"": ""persistent_test@kendra001.onmicrosoft.com"",
        ""guest"": false,
        ""aad_guest"": false,
        ""can_view_delegations"": false,
        ""can_create_new_network"": true,
        ""can_browse_external_networks"": true,
        ""reaction_accent_color"": ""none"",
        ""significant_other"": """",
        ""kids_names"": """",
        ""previous_companies"": [],
        ""schools"": [],
        ""contact"": {
            ""im"": {
                ""provider"": """",
                ""username"": """"
            },
            ""phone_numbers"": [],
            ""email_addresses"": [
                {
                    ""type"": ""primary"",
                    ""address"": ""persistent_test@kendra001.onmicrosoft.com""
                }
            ],
            ""has_fake_email"": false
        },
        ""stats"": {
            ""following"": 1,
            ""followers"": 1,
            ""updates"": 0
        },
        ""settings"": {
            ""xdr_proxy"": """"
        },
        ""show_invite_lightbox"": false
    },
    {
        ""type"": ""user"",
        ""id"": 560692469760,
        ""network_id"": 23920443392,
        ""state"": ""active"",
        ""job_title"": """",
        ""location"": """",
        ""interests"": null,
        ""summary"": """",
        ""expertise"": null,
        ""full_name"": ""Suryansh Purwar"",
        ""activated_at"": ""2020/05/05 00:57:15 +0000"",
        ""auto_activated"": false,
        ""show_ask_for_photo"": false,
        ""first_name"": ""Suryansh"",
        ""last_name"": ""Purwar"",
        ""network_name"": ""Amazon"",
        ""network_domains"": [
            ""kendra001.onmicrosoft.com""
        ],
        ""url"": ""https://www.yammer.com/api/v1/users/560692469760"",
        ""web_url"": ""https://www.yammer.com/kendra001.onmicrosoft.com/users/560692469760"",
        ""name"": ""suryansh"",
        ""mugshot_url"": ""https://mugshot0.assets-yammer.com/mugshot/images/GNcb6Pz57KW97rxl-TSrw58dXbRlClrf_fc75d584-6cf3-41f8-8cf0-03eafc8cdb1b?P1=1651671660&P2=104&P3=1&P4=joD-gTZLlOD0o3_t-FJVHqO7VmcXlc5gj1WdzVgaYYSDrD8-LEhYXgxzyyAzgWmUf2_TGnfOggFu7QxzUCvP4Mwb6UGZ1l_KLrE0xpWby-sH1emdsanIC3nmoMCOqTNxKR7St8HWmMIey002t784YE_dKl-tgxokrE0VOlhxHi-1K3T0fzxkghNSgS5vlsSf6fl60RIaqfGF40Mufamt-AwshdYEfPJ4HGBcSJfAn0lnpO6kpTo_fVAK_ocQciK5Wcxd0NEm6OK_iEa3sY7TTQ_2uuCvOBi6Hkd9AjGhfbEplAbp-9OBcHkxf6kv5tRno8RvR915_G2NBtFj2vGoyA&size=48x48"",
        ""mugshot_redirect_url"": ""https://www.yammer.com/mugshot/images/redirect/48x48/GNcb6Pz57KW97rxl-TSrw58dXbRlClrf_fc75d584-6cf3-41f8-8cf0-03eafc8cdb1b"",
        ""mugshot_url_template"": ""https://mugshot0.assets-yammer.com/mugshot/images/GNcb6Pz57KW97rxl-TSrw58dXbRlClrf_fc75d584-6cf3-41f8-8cf0-03eafc8cdb1b?P1=1651671660&P2=104&P3=1&P4=joD-gTZLlOD0o3_t-FJVHqO7VmcXlc5gj1WdzVgaYYSDrD8-LEhYXgxzyyAzgWmUf2_TGnfOggFu7QxzUCvP4Mwb6UGZ1l_KLrE0xpWby-sH1emdsanIC3nmoMCOqTNxKR7St8HWmMIey002t784YE_dKl-tgxokrE0VOlhxHi-1K3T0fzxkghNSgS5vlsSf6fl60RIaqfGF40Mufamt-AwshdYEfPJ4HGBcSJfAn0lnpO6kpTo_fVAK_ocQciK5Wcxd0NEm6OK_iEa3sY7TTQ_2uuCvOBi6Hkd9AjGhfbEplAbp-9OBcHkxf6kv5tRno8RvR915_G2NBtFj2vGoyA&size={width}x{height}"",
        ""mugshot_redirect_url_template"": ""https://www.yammer.com/mugshot/images/redirect/{width}x{height}/GNcb6Pz57KW97rxl-TSrw58dXbRlClrf_fc75d584-6cf3-41f8-8cf0-03eafc8cdb1b"",
        ""birth_date"": """",
        ""birth_date_complete"": """",
        ""timezone"": ""Pacific Time (US & Canada)"",
        ""external_urls"": [],
        ""admin"": ""true"",
        ""verified_admin"": ""true"",
        ""m365_yammer_admin"": ""false"",
        ""supervisor_admin"": ""false"",
        ""o365_tenant_admin"": ""true"",
        ""can_broadcast"": ""true"",
        ""department"": null,
        ""email"": ""suryansh@kendra001.onmicrosoft.com"",
        ""guest"": false,
        ""aad_guest"": false,
        ""can_view_delegations"": false,
        ""can_create_new_network"": true,
        ""can_browse_external_networks"": true,
        ""reaction_accent_color"": ""none"",
        ""significant_other"": """",
        ""kids_names"": """",
        ""previous_companies"": [],
        ""schools"": [],
        ""contact"": {
            ""im"": {
                ""provider"": """",
                ""username"": """"
            },
            ""phone_numbers"": [],
            ""email_addresses"": [
                {
                    ""type"": ""primary"",
                    ""address"": ""suryansh@kendra001.onmicrosoft.com""
                }
            ],
            ""has_fake_email"": true
        },
        ""stats"": {
            ""following"": 0,
            ""followers"": 0,
            ""updates"": 0
        },
        ""settings"": {
            ""xdr_proxy"": """"
        },
        ""show_invite_lightbox"": false
    },
    {
        ""type"": ""user"",
        ""id"": 560692486144,
        ""network_id"": 23920443392,
        ""state"": ""active"",
        ""job_title"": """",
        ""location"": """",
        ""interests"": null,
        ""summary"": """",
        ""expertise"": null,
        ""full_name"": ""Tony Aguilar"",
        ""activated_at"": ""2020/05/05 00:57:13 +0000"",
        ""auto_activated"": false,
        ""show_ask_for_photo"": false,
        ""first_name"": ""Tony"",
        ""last_name"": ""Aguilar"",
        ""network_name"": ""Amazon"",
        ""network_domains"": [
            ""kendra001.onmicrosoft.com""
        ],
        ""url"": ""https://www.yammer.com/api/v1/users/560692486144"",
        ""web_url"": ""https://www.yammer.com/kendra001.onmicrosoft.com/users/560692486144"",
        ""name"": ""kendra"",
        ""mugshot_url"": ""https://mugshot0.assets-yammer.com/mugshot/images/BdtmCTZBDxVl8cfKs5k9w0WcR3tbBZch_67cf7944-ba7f-4c86-8ca3-f26bc9a96f12?P1=1651672789&P2=104&P3=1&P4=shjAb6oQNBXeiG6Vap8T7NWf3mkMehvmx7QLlembOWXhSng0O9tGQlmLOOA-UC91Ds8WOGBxK-bCQ4iwNKKrq1B1nN3xR8PCjgytyUybOYjg4zgu3YnX9QZTuXqA31j57UKlAxf72SEk4zdRB_FNEpN11L9gYseZpH5E0mXgiduoVoZEDBioQVIIUT9UxOpoSFw4NwBQCsO9aijX-I-fWVrl8N4jwBbXk3l2QRg3qD8VLTw3N-dqXgrEwcUzLU88gXpC0f0hG7tSrOXwDfxMX4bf3bmwSdyLCKZb01JoHCXUhUqsWq-zFpEDYQwuX7aUravQRDKR2qVXEqwZI-cOsQ&size=48x48"",
        ""mugshot_redirect_url"": ""https://www.yammer.com/mugshot/images/redirect/48x48/BdtmCTZBDxVl8cfKs5k9w0WcR3tbBZch_67cf7944-ba7f-4c86-8ca3-f26bc9a96f12"",
        ""mugshot_url_template"": ""https://mugshot0.assets-yammer.com/mugshot/images/BdtmCTZBDxVl8cfKs5k9w0WcR3tbBZch_67cf7944-ba7f-4c86-8ca3-f26bc9a96f12?P1=1651672789&P2=104&P3=1&P4=shjAb6oQNBXeiG6Vap8T7NWf3mkMehvmx7QLlembOWXhSng0O9tGQlmLOOA-UC91Ds8WOGBxK-bCQ4iwNKKrq1B1nN3xR8PCjgytyUybOYjg4zgu3YnX9QZTuXqA31j57UKlAxf72SEk4zdRB_FNEpN11L9gYseZpH5E0mXgiduoVoZEDBioQVIIUT9UxOpoSFw4NwBQCsO9aijX-I-fWVrl8N4jwBbXk3l2QRg3qD8VLTw3N-dqXgrEwcUzLU88gXpC0f0hG7tSrOXwDfxMX4bf3bmwSdyLCKZb01JoHCXUhUqsWq-zFpEDYQwuX7aUravQRDKR2qVXEqwZI-cOsQ&size={width}x{height}"",
        ""mugshot_redirect_url_template"": ""https://www.yammer.com/mugshot/images/redirect/{width}x{height}/BdtmCTZBDxVl8cfKs5k9w0WcR3tbBZch_67cf7944-ba7f-4c86-8ca3-f26bc9a96f12"",
        ""birth_date"": """",
        ""birth_date_complete"": """",
        ""timezone"": ""Pacific Time (US & Canada)"",
        ""external_urls"": [],
        ""admin"": ""true"",
        ""verified_admin"": ""true"",
        ""m365_yammer_admin"": ""false"",
        ""supervisor_admin"": ""false"",
        ""o365_tenant_admin"": ""true"",
        ""can_broadcast"": ""true"",
        ""department"": null,
        ""email"": ""kendra@kendra001.onmicrosoft.com"",
        ""guest"": false,
        ""aad_guest"": false,
        ""can_view_delegations"": false,
        ""can_create_new_network"": true,
        ""can_browse_external_networks"": true,
        ""reaction_accent_color"": ""none"",
        ""significant_other"": """",
        ""kids_names"": """",
        ""previous_companies"": [],
        ""schools"": [],
        ""contact"": {
            ""im"": {
                ""provider"": """",
                ""username"": """"
            },
            ""phone_numbers"": [
                {
                    ""type"": ""work"",
                    ""number"": ""1-206-266-5245""
                }
            ],
            ""email_addresses"": [
                {
                    ""type"": ""primary"",
                    ""address"": ""kendra@kendra001.onmicrosoft.com""
                }
            ],
            ""has_fake_email"": false
        },
        ""stats"": {
            ""following"": 0,
            ""followers"": 2,
            ""updates"": 0
        },
        ""settings"": {
            ""xdr_proxy"": """"
        },
        ""show_invite_lightbox"": false
    }
]",https://www.yammer.com/api/v1/users/:User_Id.json
Community,Get Community by Id,"{
    ""type"": ""group"",
    ""id"": 103970349056,
    ""email"": ""democommunity+kendra001.onmicrosoft.com@yammer.com"",
    ""full_name"": ""Demo Community"",
    ""network_id"": 23920443392,
    ""name"": ""democommunity"",
    ""description"": ""This community is getting created for the demo purpose."",
    ""privacy"": ""public"",
    ""url"": ""https://www.yammer.com/api/v1/groups/103970349056"",
    ""web_url"": ""https://www.yammer.com/kendra001.onmicrosoft.com/#/threads/inGroup?type=in_group&feedId=103970349056"",
    ""mugshot_url"": ""https://mugshot0.assets-yammer.com/mugshot/images/group_profile.png?P1=1651671576&P2=104&P3=1&P4=iG4ToVtYiVRLJPx5gw2G9H62mmf1Ee2bV2nl_s3eZCd2CXTlG_I4mliWt_MzHpsOfaLS35de_sVfzbxY4g1m0-T9-qd1aHeAVmzirsiPXhl-Xm2FDjEhON1WmgydjB0enIXupauoJTyFvXgmTpfywVaIxivHBiGIlni6VsRhYi-eGedJDv8cmRY6ANLazD7CLJ4nYdBfu3P--TNOS3o9ECU1AQy04FLWPK2KMH1j_iHtGM0wf8mH1rAUAJfck4I1eNs3tBRY1qfGdN67HGoLg28AdM6bSftDMdeXaSlGf7CEMoIgO7ZG03ZudKqY9wtiTGAsv3bPSwQM_0rIuCnwsQ&size=48x48"",
    ""mugshot_redirect_url"": ""https://www.yammer.com/mugshot/images/redirect/48x48/group_profile.png"",
    ""mugshot_url_template"": ""https://mugshot0.assets-yammer.com/mugshot/images/group_profile.png?P1=1651671576&P2=104&P3=1&P4=iG4ToVtYiVRLJPx5gw2G9H62mmf1Ee2bV2nl_s3eZCd2CXTlG_I4mliWt_MzHpsOfaLS35de_sVfzbxY4g1m0-T9-qd1aHeAVmzirsiPXhl-Xm2FDjEhON1WmgydjB0enIXupauoJTyFvXgmTpfywVaIxivHBiGIlni6VsRhYi-eGedJDv8cmRY6ANLazD7CLJ4nYdBfu3P--TNOS3o9ECU1AQy04FLWPK2KMH1j_iHtGM0wf8mH1rAUAJfck4I1eNs3tBRY1qfGdN67HGoLg28AdM6bSftDMdeXaSlGf7CEMoIgO7ZG03ZudKqY9wtiTGAsv3bPSwQM_0rIuCnwsQ&size={width}x{height}"",
    ""mugshot_redirect_url_template"": ""https://www.yammer.com/mugshot/images/redirect/{width}x{height}/group_profile.png"",
    ""mugshot_id"": null,
    ""show_in_directory"": ""true"",
    ""created_at"": ""2022/04/05 07:41:22 +0000"",
    ""aad_guests"": 0,
    ""color"": ""#0e4f7a"",
    ""external"": false,
    ""moderated"": false,
    ""header_image_url"": ""https://mugshot0.assets-yammer.com/mugshot/images/group-header-megaphone.png?P1=1651672383&P2=104&P3=1&P4=PK3Tb9fzUm9I6F6CVCMP9IHkJSMsiFKIqp0dbkgb-jPt8jIcXKSKaP7Ntw1tf-5SvK7_3yjcAJH1ftrtmu1_-pzHZaLLffADwQHAnh6-pV8PB5yFVlMS10vtcp1f2nA13H04NyGFNuYpnKM9IO7ucQs3iwuqN3KZSXzaKNPEABmE5CUK5hmwXXQY3LqL8o8PDpncsvo1pbbP_iLCE6A4ONlHnoC6CrAv6VhPgxes48ep-zWVzSQSf-top5LepUO3BQUs3AqR7-NG9A7DYBNLyCARqBKcwdB3POnXtZvE_ezUstswrRjIaT5hnUV99IXSPCQ5DdUWH17gEyPUDY9AuQ"",
    ""category"": ""unclassified"",
    ""default_thread_starter_type"": ""normal"",
    ""restricted_posting"": false,
    ""company_group"": false,
    ""creator_type"": ""user"",
    ""creator_id"": 1429137874944,
    ""state"": ""deleted"",
    ""stats"": {
        ""members"": 0,
        ""aad_guests"": 0,
        ""updates"": 0,
        ""last_message_id"": 1680729046712320,
        ""last_message_at"": ""2022/04/05 09:17:37 +0000""
    },
    ""member"": false,
    ""pending"": false,
    ""admin"": false,
    ""has_admin"": false,
    ""can_add_members"": true,
    ""can_invite"": true,
    ""network_name"": ""Amazon"",
    ""can_start_thread"": false,
    ""favorite"": false
}",https://www.yammer.com/api/v1/groups/:Group_Id.json
,,,
,,,
Principal Mapping Crawl,Community,"[
  {
    ""type"": ""group"",
    ""id"": 26362585088,
    ""email"": """",
    ""full_name"": ""All Company"",
    ""network_id"": 23920443392,
    ""name"": ""allcompany"",
    ""description"": ""This is the default group for everyone in the network"",
    ""privacy"": ""public"",
    ""url"": ""https://www.yammer.com/api/v1/groups/26362585088"",
    ""web_url"": ""https://www.yammer.com/kendra001.onmicrosoft.com/#/threads/inGroup?type=in_group&feedId=26362585088"",
    ""mugshot_url"": ""https://mugshot0.assets-yammer.com/mugshot/images/group_profile.png?P1=1651671576&P2=104&P3=1&P4=iG4ToVtYiVRLJPx5gw2G9H62mmf1Ee2bV2nl_s3eZCd2CXTlG_I4mliWt_MzHpsOfaLS35de_sVfzbxY4g1m0-T9-qd1aHeAVmzirsiPXhl-Xm2FDjEhON1WmgydjB0enIXupauoJTyFvXgmTpfywVaIxivHBiGIlni6VsRhYi-eGedJDv8cmRY6ANLazD7CLJ4nYdBfu3P--TNOS3o9ECU1AQy04FLWPK2KMH1j_iHtGM0wf8mH1rAUAJfck4I1eNs3tBRY1qfGdN67HGoLg28AdM6bSftDMdeXaSlGf7CEMoIgO7ZG03ZudKqY9wtiTGAsv3bPSwQM_0rIuCnwsQ&size=48x48"",
    ""mugshot_redirect_url"": ""https://www.yammer.com/mugshot/images/redirect/48x48/group_profile.png"",
    ""mugshot_url_template"": ""https://mugshot0.assets-yammer.com/mugshot/images/group_profile.png?P1=1651671576&P2=104&P3=1&P4=iG4ToVtYiVRLJPx5gw2G9H62mmf1Ee2bV2nl_s3eZCd2CXTlG_I4mliWt_MzHpsOfaLS35de_sVfzbxY4g1m0-T9-qd1aHeAVmzirsiPXhl-Xm2FDjEhON1WmgydjB0enIXupauoJTyFvXgmTpfywVaIxivHBiGIlni6VsRhYi-eGedJDv8cmRY6ANLazD7CLJ4nYdBfu3P--TNOS3o9ECU1AQy04FLWPK2KMH1j_iHtGM0wf8mH1rAUAJfck4I1eNs3tBRY1qfGdN67HGoLg28AdM6bSftDMdeXaSlGf7CEMoIgO7ZG03ZudKqY9wtiTGAsv3bPSwQM_0rIuCnwsQ&size={width}x{height}"",
    ""mugshot_redirect_url_template"": ""https://www.yammer.com/mugshot/images/redirect/{width}x{height}/group_profile.png"",
    ""mugshot_id"": null,
    ""show_in_directory"": ""true"",
    ""created_at"": ""2020/05/05 00:57:15 +0000"",
    ""aad_guests"": 0,
    ""color"": ""#0e4f7a"",
    ""external"": false,
    ""moderated"": false,
    ""header_image_url"": ""https://mugshot0.assets-yammer.com/mugshot/images/group-header-megaphone.png?P1=1651672383&P2=104&P3=1&P4=PK3Tb9fzUm9I6F6CVCMP9IHkJSMsiFKIqp0dbkgb-jPt8jIcXKSKaP7Ntw1tf-5SvK7_3yjcAJH1ftrtmu1_-pzHZaLLffADwQHAnh6-pV8PB5yFVlMS10vtcp1f2nA13H04NyGFNuYpnKM9IO7ucQs3iwuqN3KZSXzaKNPEABmE5CUK5hmwXXQY3LqL8o8PDpncsvo1pbbP_iLCE6A4ONlHnoC6CrAv6VhPgxes48ep-zWVzSQSf-top5LepUO3BQUs3AqR7-NG9A7DYBNLyCARqBKcwdB3POnXtZvE_ezUstswrRjIaT5hnUV99IXSPCQ5DdUWH17gEyPUDY9AuQ"",
    ""category"": ""unclassified"",
    ""default_thread_starter_type"": ""normal"",
    ""restricted_posting"": false,
    ""company_group"": true,
    ""creator_type"": ""user"",
    ""creator_id"": 560692486144,
    ""state"": ""active"",
    ""stats"": {
      ""members"": 6,
      ""aad_guests"": 0,
      ""updates"": 0,
      ""last_message_id"": 1689618855469056,
      ""last_message_at"": ""2022/04/11 12:28:51 +0000""
    }
  },
  {
    ""type"": ""group"",
    ""id"": 106039091200,
    ""email"": ""devcommunity+kendra001.onmicrosoft.com@yammer.com"",
    ""full_name"": ""Dev Community"",
    ""network_id"": 23920443392,
    ""name"": ""devcommunity"",
    ""description"": ""Dev Community"",
    ""privacy"": ""public"",
    ""url"": ""https://www.yammer.com/api/v1/groups/106039091200"",
    ""web_url"": ""https://www.yammer.com/kendra001.onmicrosoft.com/#/threads/inGroup?type=in_group&feedId=106039091200"",
    ""mugshot_url"": ""https://mugshot0.assets-yammer.com/mugshot/images/group_profile.png?P1=1651671576&P2=104&P3=1&P4=iG4ToVtYiVRLJPx5gw2G9H62mmf1Ee2bV2nl_s3eZCd2CXTlG_I4mliWt_MzHpsOfaLS35de_sVfzbxY4g1m0-T9-qd1aHeAVmzirsiPXhl-Xm2FDjEhON1WmgydjB0enIXupauoJTyFvXgmTpfywVaIxivHBiGIlni6VsRhYi-eGedJDv8cmRY6ANLazD7CLJ4nYdBfu3P--TNOS3o9ECU1AQy04FLWPK2KMH1j_iHtGM0wf8mH1rAUAJfck4I1eNs3tBRY1qfGdN67HGoLg28AdM6bSftDMdeXaSlGf7CEMoIgO7ZG03ZudKqY9wtiTGAsv3bPSwQM_0rIuCnwsQ&size=48x48"",
    ""mugshot_redirect_url"": ""https://www.yammer.com/mugshot/images/redirect/48x48/group_profile.png"",
    ""mugshot_url_template"": ""https://mugshot0.assets-yammer.com/mugshot/images/group_profile.png?P1=1651671576&P2=104&P3=1&P4=iG4ToVtYiVRLJPx5gw2G9H62mmf1Ee2bV2nl_s3eZCd2CXTlG_I4mliWt_MzHpsOfaLS35de_sVfzbxY4g1m0-T9-qd1aHeAVmzirsiPXhl-Xm2FDjEhON1WmgydjB0enIXupauoJTyFvXgmTpfywVaIxivHBiGIlni6VsRhYi-eGedJDv8cmRY6ANLazD7CLJ4nYdBfu3P--TNOS3o9ECU1AQy04FLWPK2KMH1j_iHtGM0wf8mH1rAUAJfck4I1eNs3tBRY1qfGdN67HGoLg28AdM6bSftDMdeXaSlGf7CEMoIgO7ZG03ZudKqY9wtiTGAsv3bPSwQM_0rIuCnwsQ&size={width}x{height}"",
    ""mugshot_redirect_url_template"": ""https://www.yammer.com/mugshot/images/redirect/{width}x{height}/group_profile.png"",
    ""mugshot_id"": null,
    ""show_in_directory"": ""true"",
    ""created_at"": ""2022/04/20 13:19:59 +0000"",
    ""aad_guests"": 0,
    ""color"": ""#0e4f7a"",
    ""external"": false,
    ""moderated"": false,
    ""header_image_url"": ""https://mugshot0.assets-yammer.com/mugshot/images/group-header-megaphone.png?P1=1651672383&P2=104&P3=1&P4=PK3Tb9fzUm9I6F6CVCMP9IHkJSMsiFKIqp0dbkgb-jPt8jIcXKSKaP7Ntw1tf-5SvK7_3yjcAJH1ftrtmu1_-pzHZaLLffADwQHAnh6-pV8PB5yFVlMS10vtcp1f2nA13H04NyGFNuYpnKM9IO7ucQs3iwuqN3KZSXzaKNPEABmE5CUK5hmwXXQY3LqL8o8PDpncsvo1pbbP_iLCE6A4ONlHnoC6CrAv6VhPgxes48ep-zWVzSQSf-top5LepUO3BQUs3AqR7-NG9A7DYBNLyCARqBKcwdB3POnXtZvE_ezUstswrRjIaT5hnUV99IXSPCQ5DdUWH17gEyPUDY9AuQ"",
    ""category"": ""unclassified"",
    ""default_thread_starter_type"": ""normal"",
    ""restricted_posting"": false,
    ""company_group"": false,
    ""creator_type"": ""user"",
    ""creator_id"": 1429137874944,
    ""state"": ""active"",
    ""stats"": {
      ""members"": 4,
      ""aad_guests"": 0,
      ""updates"": 0,
      ""last_message_id"": null,
      ""last_message_at"": null
    }
  },
  {
    ""type"": ""group"",
    ""id"": 102986432512,
    ""email"": ""persistent+kendra001.onmicrosoft.com@yammer.com"",
    ""full_name"": ""Persistent"",
    ""network_id"": 23920443392,
    ""name"": ""persistent"",
    ""description"": ""Creating this community for testing purpose."",
    ""privacy"": ""private"",
    ""url"": ""https://www.yammer.com/api/v1/groups/102986432512"",
    ""web_url"": ""https://www.yammer.com/kendra001.onmicrosoft.com/#/threads/inGroup?type=in_group&feedId=102986432512"",
    ""mugshot_url"": ""https://mugshot0.assets-yammer.com/mugshot/images/group_profile.png?P1=1651671576&P2=104&P3=1&P4=iG4ToVtYiVRLJPx5gw2G9H62mmf1Ee2bV2nl_s3eZCd2CXTlG_I4mliWt_MzHpsOfaLS35de_sVfzbxY4g1m0-T9-qd1aHeAVmzirsiPXhl-Xm2FDjEhON1WmgydjB0enIXupauoJTyFvXgmTpfywVaIxivHBiGIlni6VsRhYi-eGedJDv8cmRY6ANLazD7CLJ4nYdBfu3P--TNOS3o9ECU1AQy04FLWPK2KMH1j_iHtGM0wf8mH1rAUAJfck4I1eNs3tBRY1qfGdN67HGoLg28AdM6bSftDMdeXaSlGf7CEMoIgO7ZG03ZudKqY9wtiTGAsv3bPSwQM_0rIuCnwsQ&size=48x48"",
    ""mugshot_redirect_url"": ""https://www.yammer.com/mugshot/images/redirect/48x48/group_profile.png"",
    ""mugshot_url_template"": ""https://mugshot0.assets-yammer.com/mugshot/images/group_profile.png?P1=1651671576&P2=104&P3=1&P4=iG4ToVtYiVRLJPx5gw2G9H62mmf1Ee2bV2nl_s3eZCd2CXTlG_I4mliWt_MzHpsOfaLS35de_sVfzbxY4g1m0-T9-qd1aHeAVmzirsiPXhl-Xm2FDjEhON1WmgydjB0enIXupauoJTyFvXgmTpfywVaIxivHBiGIlni6VsRhYi-eGedJDv8cmRY6ANLazD7CLJ4nYdBfu3P--TNOS3o9ECU1AQy04FLWPK2KMH1j_iHtGM0wf8mH1rAUAJfck4I1eNs3tBRY1qfGdN67HGoLg28AdM6bSftDMdeXaSlGf7CEMoIgO7ZG03ZudKqY9wtiTGAsv3bPSwQM_0rIuCnwsQ&size={width}x{height}"",
    ""mugshot_redirect_url_template"": ""https://www.yammer.com/mugshot/images/redirect/{width}x{height}/group_profile.png"",
    ""mugshot_id"": null,
    ""show_in_directory"": ""true"",
    ""created_at"": ""2022/03/29 09:07:21 +0000"",
    ""aad_guests"": 0,
    ""color"": ""#0e4f7a"",
    ""external"": false,
    ""moderated"": true,
    ""header_image_url"": ""https://mugshot0.assets-yammer.com/mugshot/images/group-header-megaphone.png?P1=1651672383&P2=104&P3=1&P4=PK3Tb9fzUm9I6F6CVCMP9IHkJSMsiFKIqp0dbkgb-jPt8jIcXKSKaP7Ntw1tf-5SvK7_3yjcAJH1ftrtmu1_-pzHZaLLffADwQHAnh6-pV8PB5yFVlMS10vtcp1f2nA13H04NyGFNuYpnKM9IO7ucQs3iwuqN3KZSXzaKNPEABmE5CUK5hmwXXQY3LqL8o8PDpncsvo1pbbP_iLCE6A4ONlHnoC6CrAv6VhPgxes48ep-zWVzSQSf-top5LepUO3BQUs3AqR7-NG9A7DYBNLyCARqBKcwdB3POnXtZvE_ezUstswrRjIaT5hnUV99IXSPCQ5DdUWH17gEyPUDY9AuQ"",
    ""category"": ""unclassified"",
    ""default_thread_starter_type"": ""normal"",
    ""restricted_posting"": false,
    ""company_group"": false,
    ""creator_type"": ""user"",
    ""creator_id"": 1429137874944,
    ""state"": ""active"",
    ""stats"": {
      ""members"": 2,
      ""aad_guests"": 0,
      ""updates"": 0,
      ""last_message_id"": 1705292650463232,
      ""last_message_at"": ""2022/04/22 07:59:22 +0000""
    }
  },
  {
    ""type"": ""group"",
    ""id"": 103998455808,
    ""email"": ""testcommunity+kendra001.onmicrosoft.com@yammer.com"",
    ""full_name"": ""Test Community"",
    ""network_id"": 23920443392,
    ""name"": ""testcommunity"",
    ""description"": ""Test Community"",
    ""privacy"": ""public"",
    ""url"": ""https://www.yammer.com/api/v1/groups/103998455808"",
    ""web_url"": ""https://www.yammer.com/kendra001.onmicrosoft.com/#/threads/inGroup?type=in_group&feedId=103998455808"",
    ""mugshot_url"": ""https://mugshot0.assets-yammer.com/mugshot/images/group_profile.png?P1=1651671576&P2=104&P3=1&P4=iG4ToVtYiVRLJPx5gw2G9H62mmf1Ee2bV2nl_s3eZCd2CXTlG_I4mliWt_MzHpsOfaLS35de_sVfzbxY4g1m0-T9-qd1aHeAVmzirsiPXhl-Xm2FDjEhON1WmgydjB0enIXupauoJTyFvXgmTpfywVaIxivHBiGIlni6VsRhYi-eGedJDv8cmRY6ANLazD7CLJ4nYdBfu3P--TNOS3o9ECU1AQy04FLWPK2KMH1j_iHtGM0wf8mH1rAUAJfck4I1eNs3tBRY1qfGdN67HGoLg28AdM6bSftDMdeXaSlGf7CEMoIgO7ZG03ZudKqY9wtiTGAsv3bPSwQM_0rIuCnwsQ&size=48x48"",
    ""mugshot_redirect_url"": ""https://www.yammer.com/mugshot/images/redirect/48x48/group_profile.png"",
    ""mugshot_url_template"": ""https://mugshot0.assets-yammer.com/mugshot/images/group_profile.png?P1=1651671576&P2=104&P3=1&P4=iG4ToVtYiVRLJPx5gw2G9H62mmf1Ee2bV2nl_s3eZCd2CXTlG_I4mliWt_MzHpsOfaLS35de_sVfzbxY4g1m0-T9-qd1aHeAVmzirsiPXhl-Xm2FDjEhON1WmgydjB0enIXupauoJTyFvXgmTpfywVaIxivHBiGIlni6VsRhYi-eGedJDv8cmRY6ANLazD7CLJ4nYdBfu3P--TNOS3o9ECU1AQy04FLWPK2KMH1j_iHtGM0wf8mH1rAUAJfck4I1eNs3tBRY1qfGdN67HGoLg28AdM6bSftDMdeXaSlGf7CEMoIgO7ZG03ZudKqY9wtiTGAsv3bPSwQM_0rIuCnwsQ&size={width}x{height}"",
    ""mugshot_redirect_url_template"": ""https://www.yammer.com/mugshot/images/redirect/{width}x{height}/group_profile.png"",
    ""mugshot_id"": null,
    ""show_in_directory"": ""true"",
    ""created_at"": ""2022/04/05 11:25:32 +0000"",
    ""aad_guests"": 0,
    ""color"": ""#0e4f7a"",
    ""external"": false,
    ""moderated"": false,
    ""header_image_url"": ""https://mugshot0.assets-yammer.com/mugshot/images/group-header-megaphone.png?P1=1651672383&P2=104&P3=1&P4=PK3Tb9fzUm9I6F6CVCMP9IHkJSMsiFKIqp0dbkgb-jPt8jIcXKSKaP7Ntw1tf-5SvK7_3yjcAJH1ftrtmu1_-pzHZaLLffADwQHAnh6-pV8PB5yFVlMS10vtcp1f2nA13H04NyGFNuYpnKM9IO7ucQs3iwuqN3KZSXzaKNPEABmE5CUK5hmwXXQY3LqL8o8PDpncsvo1pbbP_iLCE6A4ONlHnoC6CrAv6VhPgxes48ep-zWVzSQSf-top5LepUO3BQUs3AqR7-NG9A7DYBNLyCARqBKcwdB3POnXtZvE_ezUstswrRjIaT5hnUV99IXSPCQ5DdUWH17gEyPUDY9AuQ"",
    ""category"": ""unclassified"",
    ""default_thread_starter_type"": ""normal"",
    ""restricted_posting"": false,
    ""company_group"": false,
    ""creator_type"": ""user"",
    ""creator_id"": 1429137874944,
    ""state"": ""active"",
    ""stats"": {
      ""members"": 2,
      ""aad_guests"": 0,
      ""updates"": 0,
      ""last_message_id"": 1713992693366784,
      ""last_message_at"": ""2022/04/28 08:02:05 +0000""
    }
  },
  {
    ""type"": ""group"",
    ""id"": 104002035712,
    ""email"": ""demopersistent+kendra001.onmicrosoft.com@yammer.com"",
    ""full_name"": ""Demo_Persistent"",
    ""network_id"": 23920443392,
    ""name"": ""demopersistent"",
    ""description"": ""Demo_Persistent"",
    ""privacy"": ""public"",
    ""url"": ""https://www.yammer.com/api/v1/groups/104002035712"",
    ""web_url"": ""https://www.yammer.com/kendra001.onmicrosoft.com/#/threads/inGroup?type=in_group&feedId=104002035712"",
    ""mugshot_url"": ""https://mugshot0.assets-yammer.com/mugshot/images/group_profile.png?P1=1651671576&P2=104&P3=1&P4=iG4ToVtYiVRLJPx5gw2G9H62mmf1Ee2bV2nl_s3eZCd2CXTlG_I4mliWt_MzHpsOfaLS35de_sVfzbxY4g1m0-T9-qd1aHeAVmzirsiPXhl-Xm2FDjEhON1WmgydjB0enIXupauoJTyFvXgmTpfywVaIxivHBiGIlni6VsRhYi-eGedJDv8cmRY6ANLazD7CLJ4nYdBfu3P--TNOS3o9ECU1AQy04FLWPK2KMH1j_iHtGM0wf8mH1rAUAJfck4I1eNs3tBRY1qfGdN67HGoLg28AdM6bSftDMdeXaSlGf7CEMoIgO7ZG03ZudKqY9wtiTGAsv3bPSwQM_0rIuCnwsQ&size=48x48"",
    ""mugshot_redirect_url"": ""https://www.yammer.com/mugshot/images/redirect/48x48/group_profile.png"",
    ""mugshot_url_template"": ""https://mugshot0.assets-yammer.com/mugshot/images/group_profile.png?P1=1651671576&P2=104&P3=1&P4=iG4ToVtYiVRLJPx5gw2G9H62mmf1Ee2bV2nl_s3eZCd2CXTlG_I4mliWt_MzHpsOfaLS35de_sVfzbxY4g1m0-T9-qd1aHeAVmzirsiPXhl-Xm2FDjEhON1WmgydjB0enIXupauoJTyFvXgmTpfywVaIxivHBiGIlni6VsRhYi-eGedJDv8cmRY6ANLazD7CLJ4nYdBfu3P--TNOS3o9ECU1AQy04FLWPK2KMH1j_iHtGM0wf8mH1rAUAJfck4I1eNs3tBRY1qfGdN67HGoLg28AdM6bSftDMdeXaSlGf7CEMoIgO7ZG03ZudKqY9wtiTGAsv3bPSwQM_0rIuCnwsQ&size={width}x{height}"",
    ""mugshot_redirect_url_template"": ""https://www.yammer.com/mugshot/images/redirect/{width}x{height}/group_profile.png"",
    ""mugshot_id"": null,
    ""show_in_directory"": ""true"",
    ""created_at"": ""2022/04/05 11:54:11 +0000"",
    ""aad_guests"": 0,
    ""color"": ""#0e4f7a"",
    ""external"": false,
    ""moderated"": false,
    ""header_image_url"": ""https://mugshot0.assets-yammer.com/mugshot/images/group-header-megaphone.png?P1=1651672383&P2=104&P3=1&P4=PK3Tb9fzUm9I6F6CVCMP9IHkJSMsiFKIqp0dbkgb-jPt8jIcXKSKaP7Ntw1tf-5SvK7_3yjcAJH1ftrtmu1_-pzHZaLLffADwQHAnh6-pV8PB5yFVlMS10vtcp1f2nA13H04NyGFNuYpnKM9IO7ucQs3iwuqN3KZSXzaKNPEABmE5CUK5hmwXXQY3LqL8o8PDpncsvo1pbbP_iLCE6A4ONlHnoC6CrAv6VhPgxes48ep-zWVzSQSf-top5LepUO3BQUs3AqR7-NG9A7DYBNLyCARqBKcwdB3POnXtZvE_ezUstswrRjIaT5hnUV99IXSPCQ5DdUWH17gEyPUDY9AuQ"",
    ""category"": ""unclassified"",
    ""default_thread_starter_type"": ""normal"",
    ""restricted_posting"": false,
    ""company_group"": false,
    ""creator_type"": ""user"",
    ""creator_id"": 1429137874944,
    ""state"": ""active"",
    ""stats"": {
      ""members"": 2,
      ""aad_guests"": 0,
      ""updates"": 0,
      ""last_message_id"": 1709507630424064,
      ""last_message_at"": ""2022/04/25 05:46:35 +0000""
    }
  },
  {
    ""type"": ""group"",
    ""id"": 102797336576,
    ""email"": ""testamazon+kendra001.onmicrosoft.com@yammer.com"",
    ""full_name"": ""Test_Amazon"",
    ""network_id"": 23920443392,
    ""name"": ""testamazon"",
    ""description"": ""Updating this community using API"",
    ""privacy"": ""public"",
    ""url"": ""https://www.yammer.com/api/v1/groups/102797336576"",
    ""web_url"": ""https://www.yammer.com/kendra001.onmicrosoft.com/#/threads/inGroup?type=in_group&feedId=102797336576"",
    ""mugshot_url"": ""https://mugshot0.assets-yammer.com/mugshot/images/group_profile.png?P1=1651671576&P2=104&P3=1&P4=iG4ToVtYiVRLJPx5gw2G9H62mmf1Ee2bV2nl_s3eZCd2CXTlG_I4mliWt_MzHpsOfaLS35de_sVfzbxY4g1m0-T9-qd1aHeAVmzirsiPXhl-Xm2FDjEhON1WmgydjB0enIXupauoJTyFvXgmTpfywVaIxivHBiGIlni6VsRhYi-eGedJDv8cmRY6ANLazD7CLJ4nYdBfu3P--TNOS3o9ECU1AQy04FLWPK2KMH1j_iHtGM0wf8mH1rAUAJfck4I1eNs3tBRY1qfGdN67HGoLg28AdM6bSftDMdeXaSlGf7CEMoIgO7ZG03ZudKqY9wtiTGAsv3bPSwQM_0rIuCnwsQ&size=48x48"",
    ""mugshot_redirect_url"": ""https://www.yammer.com/mugshot/images/redirect/48x48/group_profile.png"",
    ""mugshot_url_template"": ""https://mugshot0.assets-yammer.com/mugshot/images/group_profile.png?P1=1651671576&P2=104&P3=1&P4=iG4ToVtYiVRLJPx5gw2G9H62mmf1Ee2bV2nl_s3eZCd2CXTlG_I4mliWt_MzHpsOfaLS35de_sVfzbxY4g1m0-T9-qd1aHeAVmzirsiPXhl-Xm2FDjEhON1WmgydjB0enIXupauoJTyFvXgmTpfywVaIxivHBiGIlni6VsRhYi-eGedJDv8cmRY6ANLazD7CLJ4nYdBfu3P--TNOS3o9ECU1AQy04FLWPK2KMH1j_iHtGM0wf8mH1rAUAJfck4I1eNs3tBRY1qfGdN67HGoLg28AdM6bSftDMdeXaSlGf7CEMoIgO7ZG03ZudKqY9wtiTGAsv3bPSwQM_0rIuCnwsQ&size={width}x{height}"",
    ""mugshot_redirect_url_template"": ""https://www.yammer.com/mugshot/images/redirect/{width}x{height}/group_profile.png"",
    ""mugshot_id"": null,
    ""show_in_directory"": ""true"",
    ""created_at"": ""2022/03/28 12:32:41 +0000"",
    ""aad_guests"": 0,
    ""color"": ""#0e4f7a"",
    ""external"": false,
    ""moderated"": false,
    ""header_image_url"": ""https://mugshot0.assets-yammer.com/mugshot/images/group-header-megaphone.png?P1=1651672383&P2=104&P3=1&P4=PK3Tb9fzUm9I6F6CVCMP9IHkJSMsiFKIqp0dbkgb-jPt8jIcXKSKaP7Ntw1tf-5SvK7_3yjcAJH1ftrtmu1_-pzHZaLLffADwQHAnh6-pV8PB5yFVlMS10vtcp1f2nA13H04NyGFNuYpnKM9IO7ucQs3iwuqN3KZSXzaKNPEABmE5CUK5hmwXXQY3LqL8o8PDpncsvo1pbbP_iLCE6A4ONlHnoC6CrAv6VhPgxes48ep-zWVzSQSf-top5LepUO3BQUs3AqR7-NG9A7DYBNLyCARqBKcwdB3POnXtZvE_ezUstswrRjIaT5hnUV99IXSPCQ5DdUWH17gEyPUDY9AuQ"",
    ""category"": ""unclassified"",
    ""default_thread_starter_type"": ""normal"",
    ""restricted_posting"": false,
    ""company_group"": false,
    ""creator_type"": ""user"",
    ""creator_id"": 1429137874944,
    ""state"": ""active"",
    ""stats"": {
      ""members"": 2,
      ""aad_guests"": 0,
      ""updates"": 0,
      ""last_message_id"": 1692467431677952,
      ""last_message_at"": ""2022/04/13 11:38:40 +0000""
    }
  },
  {
    ""type"": ""group"",
    ""id"": 106621345792,
    ""email"": ""pravincommunity+kendra001.onmicrosoft.com@yammer.com"",
    ""full_name"": ""Pravin community"",
    ""network_id"": 23920443392,
    ""name"": ""pravincommunity"",
    ""description"": ""I am creating this community for Pravin"",
    ""privacy"": ""public"",
    ""url"": ""https://www.yammer.com/api/v1/groups/106621345792"",
    ""web_url"": ""https://www.yammer.com/kendra001.onmicrosoft.com/#/threads/inGroup?type=in_group&feedId=106621345792"",
    ""mugshot_url"": ""https://mugshot0.assets-yammer.com/mugshot/images/group_profile.png?P1=1651671576&P2=104&P3=1&P4=iG4ToVtYiVRLJPx5gw2G9H62mmf1Ee2bV2nl_s3eZCd2CXTlG_I4mliWt_MzHpsOfaLS35de_sVfzbxY4g1m0-T9-qd1aHeAVmzirsiPXhl-Xm2FDjEhON1WmgydjB0enIXupauoJTyFvXgmTpfywVaIxivHBiGIlni6VsRhYi-eGedJDv8cmRY6ANLazD7CLJ4nYdBfu3P--TNOS3o9ECU1AQy04FLWPK2KMH1j_iHtGM0wf8mH1rAUAJfck4I1eNs3tBRY1qfGdN67HGoLg28AdM6bSftDMdeXaSlGf7CEMoIgO7ZG03ZudKqY9wtiTGAsv3bPSwQM_0rIuCnwsQ&size=48x48"",
    ""mugshot_redirect_url"": ""https://www.yammer.com/mugshot/images/redirect/48x48/group_profile.png"",
    ""mugshot_url_template"": ""https://mugshot0.assets-yammer.com/mugshot/images/group_profile.png?P1=1651671576&P2=104&P3=1&P4=iG4ToVtYiVRLJPx5gw2G9H62mmf1Ee2bV2nl_s3eZCd2CXTlG_I4mliWt_MzHpsOfaLS35de_sVfzbxY4g1m0-T9-qd1aHeAVmzirsiPXhl-Xm2FDjEhON1WmgydjB0enIXupauoJTyFvXgmTpfywVaIxivHBiGIlni6VsRhYi-eGedJDv8cmRY6ANLazD7CLJ4nYdBfu3P--TNOS3o9ECU1AQy04FLWPK2KMH1j_iHtGM0wf8mH1rAUAJfck4I1eNs3tBRY1qfGdN67HGoLg28AdM6bSftDMdeXaSlGf7CEMoIgO7ZG03ZudKqY9wtiTGAsv3bPSwQM_0rIuCnwsQ&size={width}x{height}"",
    ""mugshot_redirect_url_template"": ""https://www.yammer.com/mugshot/images/redirect/{width}x{height}/group_profile.png"",
    ""mugshot_id"": null,
    ""show_in_directory"": ""true"",
    ""created_at"": ""2022/04/25 05:42:52 +0000"",
    ""aad_guests"": 0,
    ""color"": ""#0e4f7a"",
    ""external"": false,
    ""moderated"": false,
    ""header_image_url"": ""https://mugshot0.assets-yammer.com/mugshot/images/group-header-megaphone.png?P1=1651672383&P2=104&P3=1&P4=PK3Tb9fzUm9I6F6CVCMP9IHkJSMsiFKIqp0dbkgb-jPt8jIcXKSKaP7Ntw1tf-5SvK7_3yjcAJH1ftrtmu1_-pzHZaLLffADwQHAnh6-pV8PB5yFVlMS10vtcp1f2nA13H04NyGFNuYpnKM9IO7ucQs3iwuqN3KZSXzaKNPEABmE5CUK5hmwXXQY3LqL8o8PDpncsvo1pbbP_iLCE6A4ONlHnoC6CrAv6VhPgxes48ep-zWVzSQSf-top5LepUO3BQUs3AqR7-NG9A7DYBNLyCARqBKcwdB3POnXtZvE_ezUstswrRjIaT5hnUV99IXSPCQ5DdUWH17gEyPUDY9AuQ"",
    ""category"": ""unclassified"",
    ""default_thread_starter_type"": ""normal"",
    ""restricted_posting"": false,
    ""company_group"": false,
    ""creator_type"": ""user"",
    ""creator_id"": 1448016510976,
    ""state"": ""active"",
    ""stats"": {
      ""members"": 1,
      ""aad_guests"": 0,
      ""updates"": 0,
      ""last_message_id"": 1709504690241536,
      ""last_message_at"": ""2022/04/25 05:43:39 +0000""
    }
  },
  {
    ""type"": ""group"",
    ""id"": 104319410176,
    ""email"": ""yammerconnector+kendra001.onmicrosoft.com@yammer.com"",
    ""full_name"": ""Yammer_Connector"",
    ""network_id"": 23920443392,
    ""name"": ""yammerconnector"",
    ""description"": ""Creating this community using API"",
    ""privacy"": ""public"",
    ""url"": ""https://www.yammer.com/api/v1/groups/104319410176"",
    ""web_url"": ""https://www.yammer.com/kendra001.onmicrosoft.com/#/threads/inGroup?type=in_group&feedId=104319410176"",
    ""mugshot_url"": ""https://mugshot0.assets-yammer.com/mugshot/images/group_profile.png?P1=1651671576&P2=104&P3=1&P4=iG4ToVtYiVRLJPx5gw2G9H62mmf1Ee2bV2nl_s3eZCd2CXTlG_I4mliWt_MzHpsOfaLS35de_sVfzbxY4g1m0-T9-qd1aHeAVmzirsiPXhl-Xm2FDjEhON1WmgydjB0enIXupauoJTyFvXgmTpfywVaIxivHBiGIlni6VsRhYi-eGedJDv8cmRY6ANLazD7CLJ4nYdBfu3P--TNOS3o9ECU1AQy04FLWPK2KMH1j_iHtGM0wf8mH1rAUAJfck4I1eNs3tBRY1qfGdN67HGoLg28AdM6bSftDMdeXaSlGf7CEMoIgO7ZG03ZudKqY9wtiTGAsv3bPSwQM_0rIuCnwsQ&size=48x48"",
    ""mugshot_redirect_url"": ""https://www.yammer.com/mugshot/images/redirect/48x48/group_profile.png"",
    ""mugshot_url_template"": ""https://mugshot0.assets-yammer.com/mugshot/images/group_profile.png?P1=1651671576&P2=104&P3=1&P4=iG4ToVtYiVRLJPx5gw2G9H62mmf1Ee2bV2nl_s3eZCd2CXTlG_I4mliWt_MzHpsOfaLS35de_sVfzbxY4g1m0-T9-qd1aHeAVmzirsiPXhl-Xm2FDjEhON1WmgydjB0enIXupauoJTyFvXgmTpfywVaIxivHBiGIlni6VsRhYi-eGedJDv8cmRY6ANLazD7CLJ4nYdBfu3P--TNOS3o9ECU1AQy04FLWPK2KMH1j_iHtGM0wf8mH1rAUAJfck4I1eNs3tBRY1qfGdN67HGoLg28AdM6bSftDMdeXaSlGf7CEMoIgO7ZG03ZudKqY9wtiTGAsv3bPSwQM_0rIuCnwsQ&size={width}x{height}"",
    ""mugshot_redirect_url_template"": ""https://www.yammer.com/mugshot/images/redirect/{width}x{height}/group_profile.png"",
    ""mugshot_id"": null,
    ""show_in_directory"": ""true"",
    ""created_at"": ""2022/04/07 07:02:28 +0000"",
    ""aad_guests"": 0,
    ""color"": ""#0e4f7a"",
    ""external"": false,
    ""moderated"": false,
    ""header_image_url"": ""https://mugshot0.assets-yammer.com/mugshot/images/group-header-megaphone.png?P1=1651672383&P2=104&P3=1&P4=PK3Tb9fzUm9I6F6CVCMP9IHkJSMsiFKIqp0dbkgb-jPt8jIcXKSKaP7Ntw1tf-5SvK7_3yjcAJH1ftrtmu1_-pzHZaLLffADwQHAnh6-pV8PB5yFVlMS10vtcp1f2nA13H04NyGFNuYpnKM9IO7ucQs3iwuqN3KZSXzaKNPEABmE5CUK5hmwXXQY3LqL8o8PDpncsvo1pbbP_iLCE6A4ONlHnoC6CrAv6VhPgxes48ep-zWVzSQSf-top5LepUO3BQUs3AqR7-NG9A7DYBNLyCARqBKcwdB3POnXtZvE_ezUstswrRjIaT5hnUV99IXSPCQ5DdUWH17gEyPUDY9AuQ"",
    ""category"": ""unclassified"",
    ""default_thread_starter_type"": ""normal"",
    ""restricted_posting"": false,
    ""company_group"": false,
    ""creator_type"": ""user"",
    ""creator_id"": 1429137874944,
    ""state"": ""active"",
    ""stats"": {
      ""members"": 1,
      ""aad_guests"": 0,
      ""updates"": 0,
      ""last_message_id"": 1705731333431296,
      ""last_message_at"": ""2022/04/22 15:15:10 +0000""
    }
  },
  {
    ""type"": ""group"",
    ""id"": 104521261056,
    ""email"": ""newcommunity+kendra001.onmicrosoft.com@yammer.com"",
    ""full_name"": ""New Community"",
    ""network_id"": 23920443392,
    ""name"": ""newcommunity"",
    ""description"": ""New Community"",
    ""privacy"": ""public"",
    ""url"": ""https://www.yammer.com/api/v1/groups/104521261056"",
    ""web_url"": ""https://www.yammer.com/kendra001.onmicrosoft.com/#/threads/inGroup?type=in_group&feedId=104521261056"",
    ""mugshot_url"": ""https://mugshot0.assets-yammer.com/mugshot/images/group_profile.png?P1=1651671576&P2=104&P3=1&P4=iG4ToVtYiVRLJPx5gw2G9H62mmf1Ee2bV2nl_s3eZCd2CXTlG_I4mliWt_MzHpsOfaLS35de_sVfzbxY4g1m0-T9-qd1aHeAVmzirsiPXhl-Xm2FDjEhON1WmgydjB0enIXupauoJTyFvXgmTpfywVaIxivHBiGIlni6VsRhYi-eGedJDv8cmRY6ANLazD7CLJ4nYdBfu3P--TNOS3o9ECU1AQy04FLWPK2KMH1j_iHtGM0wf8mH1rAUAJfck4I1eNs3tBRY1qfGdN67HGoLg28AdM6bSftDMdeXaSlGf7CEMoIgO7ZG03ZudKqY9wtiTGAsv3bPSwQM_0rIuCnwsQ&size=48x48"",
    ""mugshot_redirect_url"": ""https://www.yammer.com/mugshot/images/redirect/48x48/group_profile.png"",
    ""mugshot_url_template"": ""https://mugshot0.assets-yammer.com/mugshot/images/group_profile.png?P1=1651671576&P2=104&P3=1&P4=iG4ToVtYiVRLJPx5gw2G9H62mmf1Ee2bV2nl_s3eZCd2CXTlG_I4mliWt_MzHpsOfaLS35de_sVfzbxY4g1m0-T9-qd1aHeAVmzirsiPXhl-Xm2FDjEhON1WmgydjB0enIXupauoJTyFvXgmTpfywVaIxivHBiGIlni6VsRhYi-eGedJDv8cmRY6ANLazD7CLJ4nYdBfu3P--TNOS3o9ECU1AQy04FLWPK2KMH1j_iHtGM0wf8mH1rAUAJfck4I1eNs3tBRY1qfGdN67HGoLg28AdM6bSftDMdeXaSlGf7CEMoIgO7ZG03ZudKqY9wtiTGAsv3bPSwQM_0rIuCnwsQ&size={width}x{height}"",
    ""mugshot_redirect_url_template"": ""https://www.yammer.com/mugshot/images/redirect/{width}x{height}/group_profile.png"",
    ""mugshot_id"": null,
    ""show_in_directory"": ""true"",
    ""created_at"": ""2022/04/08 10:25:04 +0000"",
    ""aad_guests"": 0,
    ""color"": ""#0e4f7a"",
    ""external"": false,
    ""moderated"": false,
    ""header_image_url"": ""https://mugshot0.assets-yammer.com/mugshot/images/group-header-megaphone.png?P1=1651672383&P2=104&P3=1&P4=PK3Tb9fzUm9I6F6CVCMP9IHkJSMsiFKIqp0dbkgb-jPt8jIcXKSKaP7Ntw1tf-5SvK7_3yjcAJH1ftrtmu1_-pzHZaLLffADwQHAnh6-pV8PB5yFVlMS10vtcp1f2nA13H04NyGFNuYpnKM9IO7ucQs3iwuqN3KZSXzaKNPEABmE5CUK5hmwXXQY3LqL8o8PDpncsvo1pbbP_iLCE6A4ONlHnoC6CrAv6VhPgxes48ep-zWVzSQSf-top5LepUO3BQUs3AqR7-NG9A7DYBNLyCARqBKcwdB3POnXtZvE_ezUstswrRjIaT5hnUV99IXSPCQ5DdUWH17gEyPUDY9AuQ"",
    ""category"": ""unclassified"",
    ""default_thread_starter_type"": ""normal"",
    ""restricted_posting"": false,
    ""company_group"": false,
    ""creator_type"": ""user"",
    ""creator_id"": 1429137874944,
    ""state"": ""active"",
    ""stats"": {
      ""members"": 1,
      ""aad_guests"": 0,
      ""updates"": 0,
      ""last_message_id"": 1702823307403264,
      ""last_message_at"": ""2022/04/20 15:06:18 +0000""
    }
  },
  {
    ""type"": ""group"",
    ""id"": 106038960128,
    ""email"": ""jiracommunity+kendra001.onmicrosoft.com@yammer.com"",
    ""full_name"": ""Jira Community"",
    ""network_id"": 23920443392,
    ""name"": ""jiracommunity"",
    ""description"": ""Description"",
    ""privacy"": ""public"",
    ""url"": ""https://www.yammer.com/api/v1/groups/106038960128"",
    ""web_url"": ""https://www.yammer.com/kendra001.onmicrosoft.com/#/threads/inGroup?type=in_group&feedId=106038960128"",
    ""mugshot_url"": ""https://mugshot0.assets-yammer.com/mugshot/images/group_profile.png?P1=1651671576&P2=104&P3=1&P4=iG4ToVtYiVRLJPx5gw2G9H62mmf1Ee2bV2nl_s3eZCd2CXTlG_I4mliWt_MzHpsOfaLS35de_sVfzbxY4g1m0-T9-qd1aHeAVmzirsiPXhl-Xm2FDjEhON1WmgydjB0enIXupauoJTyFvXgmTpfywVaIxivHBiGIlni6VsRhYi-eGedJDv8cmRY6ANLazD7CLJ4nYdBfu3P--TNOS3o9ECU1AQy04FLWPK2KMH1j_iHtGM0wf8mH1rAUAJfck4I1eNs3tBRY1qfGdN67HGoLg28AdM6bSftDMdeXaSlGf7CEMoIgO7ZG03ZudKqY9wtiTGAsv3bPSwQM_0rIuCnwsQ&size=48x48"",
    ""mugshot_redirect_url"": ""https://www.yammer.com/mugshot/images/redirect/48x48/group_profile.png"",
    ""mugshot_url_template"": ""https://mugshot0.assets-yammer.com/mugshot/images/group_profile.png?P1=1651671576&P2=104&P3=1&P4=iG4ToVtYiVRLJPx5gw2G9H62mmf1Ee2bV2nl_s3eZCd2CXTlG_I4mliWt_MzHpsOfaLS35de_sVfzbxY4g1m0-T9-qd1aHeAVmzirsiPXhl-Xm2FDjEhON1WmgydjB0enIXupauoJTyFvXgmTpfywVaIxivHBiGIlni6VsRhYi-eGedJDv8cmRY6ANLazD7CLJ4nYdBfu3P--TNOS3o9ECU1AQy04FLWPK2KMH1j_iHtGM0wf8mH1rAUAJfck4I1eNs3tBRY1qfGdN67HGoLg28AdM6bSftDMdeXaSlGf7CEMoIgO7ZG03ZudKqY9wtiTGAsv3bPSwQM_0rIuCnwsQ&size={width}x{height}"",
    ""mugshot_redirect_url_template"": ""https://www.yammer.com/mugshot/images/redirect/{width}x{height}/group_profile.png"",
    ""mugshot_id"": null,
    ""show_in_directory"": ""true"",
    ""created_at"": ""2022/04/20 13:18:33 +0000"",
    ""aad_guests"": 0,
    ""color"": ""#0e4f7a"",
    ""external"": false,
    ""moderated"": false,
    ""header_image_url"": ""https://mugshot0.assets-yammer.com/mugshot/images/group-header-megaphone.png?P1=1651672383&P2=104&P3=1&P4=PK3Tb9fzUm9I6F6CVCMP9IHkJSMsiFKIqp0dbkgb-jPt8jIcXKSKaP7Ntw1tf-5SvK7_3yjcAJH1ftrtmu1_-pzHZaLLffADwQHAnh6-pV8PB5yFVlMS10vtcp1f2nA13H04NyGFNuYpnKM9IO7ucQs3iwuqN3KZSXzaKNPEABmE5CUK5hmwXXQY3LqL8o8PDpncsvo1pbbP_iLCE6A4ONlHnoC6CrAv6VhPgxes48ep-zWVzSQSf-top5LepUO3BQUs3AqR7-NG9A7DYBNLyCARqBKcwdB3POnXtZvE_ezUstswrRjIaT5hnUV99IXSPCQ5DdUWH17gEyPUDY9AuQ"",
    ""category"": ""unclassified"",
    ""default_thread_starter_type"": ""normal"",
    ""restricted_posting"": false,
    ""company_group"": false,
    ""creator_type"": ""user"",
    ""creator_id"": 1429137874944,
    ""state"": ""active"",
    ""stats"": {
      ""members"": 1,
      ""aad_guests"": 0,
      ""updates"": 0,
      ""last_message_id"": null,
      ""last_message_at"": null
    }
  }
]",https://www.yammer.com/api/v1/groups.json
,Users,"[
  {
    ""type"": ""user"",
    ""id"": 1401054601216,
    ""network_id"": 23920443392,
    ""state"": ""active"",
    ""job_title"": """",
    ""location"": """",
    ""interests"": null,
    ""summary"": """",
    ""expertise"": null,
    ""full_name"": ""DemoUser"",
    ""activated_at"": ""2022/03/07 22:17:50 +0000"",
    ""auto_activated"": false,
    ""show_ask_for_photo"": false,
    ""first_name"": ""DemoUser"",
    ""last_name"": """",
    ""network_name"": ""Amazon"",
    ""network_domains"": [
      ""kendra001.onmicrosoft.com""
    ],
    ""url"": ""https://www.yammer.com/api/v1/users/1401054601216"",
    ""web_url"": ""https://www.yammer.com/kendra001.onmicrosoft.com/users/1401054601216"",
    ""name"": ""demouser"",
    ""mugshot_url"": ""https://mugshot0.assets-yammer.com/mugshot/images/6zc5pGkzlCv9SlsTSppPZk73XLSR8L6F_86851dfe-7100-49d0-8ff3-74e304bbee1b?P1=1651672673&P2=104&P3=1&P4=eD1FWkjv7F0I-tua4f1MjjGcHfPuJzuGKHTgqhdjVFaz_gqQkfF1LpOcjf67U3CxcJGPCbE2FU7YCI4UP08S6JW1LDNzHEGFPos1BdZDeo7hYvdh90NPYcHEn542INKIru0Zu583o6N0FPIoslkgOdA0XxMZAD8ESQ39VlkLQe0112liFn3cGVgIRKxsqWud4v4oaz34dzf66DvmhgKY74rW6CclllFCX34DpQMd1aMBb0r9n9kxaBdOB0WhCOSMNZkBnWp1KWhhiDFFT9pjCUXrIGC99G7PPha9ziYJOhtfPO6YT6_q8_r8Z7yEXqdLW_W12vStsatqhCGLImLVXw&size=48x48"",
    ""mugshot_redirect_url"": ""https://www.yammer.com/mugshot/images/redirect/48x48/6zc5pGkzlCv9SlsTSppPZk73XLSR8L6F_86851dfe-7100-49d0-8ff3-74e304bbee1b"",
    ""mugshot_url_template"": ""https://mugshot0.assets-yammer.com/mugshot/images/6zc5pGkzlCv9SlsTSppPZk73XLSR8L6F_86851dfe-7100-49d0-8ff3-74e304bbee1b?P1=1651672673&P2=104&P3=1&P4=eD1FWkjv7F0I-tua4f1MjjGcHfPuJzuGKHTgqhdjVFaz_gqQkfF1LpOcjf67U3CxcJGPCbE2FU7YCI4UP08S6JW1LDNzHEGFPos1BdZDeo7hYvdh90NPYcHEn542INKIru0Zu583o6N0FPIoslkgOdA0XxMZAD8ESQ39VlkLQe0112liFn3cGVgIRKxsqWud4v4oaz34dzf66DvmhgKY74rW6CclllFCX34DpQMd1aMBb0r9n9kxaBdOB0WhCOSMNZkBnWp1KWhhiDFFT9pjCUXrIGC99G7PPha9ziYJOhtfPO6YT6_q8_r8Z7yEXqdLW_W12vStsatqhCGLImLVXw&size={width}x{height}"",
    ""mugshot_redirect_url_template"": ""https://www.yammer.com/mugshot/images/redirect/{width}x{height}/6zc5pGkzlCv9SlsTSppPZk73XLSR8L6F_86851dfe-7100-49d0-8ff3-74e304bbee1b"",
    ""birth_date"": """",
    ""birth_date_complete"": """",
    ""timezone"": ""Pacific Time (US & Canada)"",
    ""external_urls"": [],
    ""admin"": ""true"",
    ""verified_admin"": ""true"",
    ""m365_yammer_admin"": ""false"",
    ""supervisor_admin"": ""false"",
    ""o365_tenant_admin"": ""true"",
    ""can_broadcast"": ""true"",
    ""department"": null,
    ""email"": ""demouser@kendra001.onmicrosoft.com"",
    ""guest"": false,
    ""aad_guest"": false,
    ""can_view_delegations"": false,
    ""can_create_new_network"": true,
    ""can_browse_external_networks"": true,
    ""reaction_accent_color"": ""none"",
    ""significant_other"": """",
    ""kids_names"": """",
    ""previous_companies"": [],
    ""schools"": [],
    ""contact"": {
      ""im"": {
        ""provider"": """",
        ""username"": """"
      },
      ""phone_numbers"": [],
      ""email_addresses"": [
        {
          ""type"": ""primary"",
          ""address"": ""demouser@kendra001.onmicrosoft.com""
        }
      ],
      ""has_fake_email"": false
    },
    ""stats"": {
      ""following"": 0,
      ""followers"": 0,
      ""updates"": 0
    },
    ""settings"": {
      ""xdr_proxy"": """"
    },
    ""show_invite_lightbox"": false
  },
  {
    ""type"": ""user"",
    ""id"": 1447881023488,
    ""network_id"": 23920443392,
    ""state"": ""active"",
    ""job_title"": """",
    ""location"": """",
    ""interests"": null,
    ""summary"": """",
    ""expertise"": null,
    ""full_name"": ""Parvin123"",
    ""activated_at"": ""2022/04/11 09:52:35 +0000"",
    ""auto_activated"": false,
    ""show_ask_for_photo"": false,
    ""first_name"": ""Parvin123"",
    ""last_name"": """",
    ""network_name"": ""Amazon"",
    ""network_domains"": [
      ""kendra001.onmicrosoft.com""
    ],
    ""url"": ""https://www.yammer.com/api/v1/users/1447881023488"",
    ""web_url"": ""https://www.yammer.com/kendra001.onmicrosoft.com/users/1447881023488"",
    ""name"": ""parvin1"",
    ""mugshot_url"": ""https://mugshot0.assets-yammer.com/mugshot/images/K9Z1ltz6KjRKnhxdCZSPZVZfNNDMd5Tc_e6d748a6-e340-4bc7-901a-5d121c6b1e5d?P1=1651672674&P2=104&P3=1&P4=nSTmf4wn3Ci1UT3d_7CuXavXygG_tUfDYEOGMsqjWcAY1JvW7Ctaad9dvFbEQPLANugQb-ZH0a362P3GsCwzRZdPSSDfNsTruxqm1V8VnN6m_n3RGxgi8nkEmIMtjTjZDnwwlJo7y1NuqYVBwkHL4ojeu1Vw5VUEiOTk4BSqylVAKgzX--RzfISrdh5D7vYbZmIkVtSuAZuyOkPY3TBD3MgL2FQDuLGIAPc2luaHwPKQQauPuDvaAo2tew7MFBL1BXBvRobdOXVG13eGg30Zir9aJAjTdRpWGfl4-J6Hr8tubRTjsvL4qYpzMHcKKNpS4900uC37q48BayqpevzBfw&size=48x48"",
    ""mugshot_redirect_url"": ""https://www.yammer.com/mugshot/images/redirect/48x48/K9Z1ltz6KjRKnhxdCZSPZVZfNNDMd5Tc_e6d748a6-e340-4bc7-901a-5d121c6b1e5d"",
    ""mugshot_url_template"": ""https://mugshot0.assets-yammer.com/mugshot/images/K9Z1ltz6KjRKnhxdCZSPZVZfNNDMd5Tc_e6d748a6-e340-4bc7-901a-5d121c6b1e5d?P1=1651672674&P2=104&P3=1&P4=nSTmf4wn3Ci1UT3d_7CuXavXygG_tUfDYEOGMsqjWcAY1JvW7Ctaad9dvFbEQPLANugQb-ZH0a362P3GsCwzRZdPSSDfNsTruxqm1V8VnN6m_n3RGxgi8nkEmIMtjTjZDnwwlJo7y1NuqYVBwkHL4ojeu1Vw5VUEiOTk4BSqylVAKgzX--RzfISrdh5D7vYbZmIkVtSuAZuyOkPY3TBD3MgL2FQDuLGIAPc2luaHwPKQQauPuDvaAo2tew7MFBL1BXBvRobdOXVG13eGg30Zir9aJAjTdRpWGfl4-J6Hr8tubRTjsvL4qYpzMHcKKNpS4900uC37q48BayqpevzBfw&size={width}x{height}"",
    ""mugshot_redirect_url_template"": ""https://www.yammer.com/mugshot/images/redirect/{width}x{height}/K9Z1ltz6KjRKnhxdCZSPZVZfNNDMd5Tc_e6d748a6-e340-4bc7-901a-5d121c6b1e5d"",
    ""birth_date"": """",
    ""birth_date_complete"": """",
    ""timezone"": ""Pacific Time (US & Canada)"",
    ""external_urls"": [],
    ""admin"": ""false"",
    ""verified_admin"": ""false"",
    ""m365_yammer_admin"": ""false"",
    ""supervisor_admin"": ""false"",
    ""o365_tenant_admin"": ""false"",
    ""can_broadcast"": ""false"",
    ""department"": null,
    ""email"": ""parvin1@kendra001.onmicrosoft.com"",
    ""guest"": false,
    ""aad_guest"": false,
    ""can_view_delegations"": false,
    ""can_create_new_network"": true,
    ""can_browse_external_networks"": true,
    ""reaction_accent_color"": ""none"",
    ""significant_other"": """",
    ""kids_names"": """",
    ""previous_companies"": [],
    ""schools"": [],
    ""contact"": {
      ""im"": {
        ""provider"": """",
        ""username"": """"
      },
      ""phone_numbers"": [],
      ""email_addresses"": [
        {
          ""type"": ""primary"",
          ""address"": ""parvin1@kendra001.onmicrosoft.com""
        }
      ],
      ""has_fake_email"": true
    },
    ""stats"": {
      ""following"": 0,
      ""followers"": 0,
      ""updates"": 0
    },
    ""settings"": {
      ""xdr_proxy"": """"
    },
    ""show_invite_lightbox"": false
  },
  {
    ""type"": ""user"",
    ""id"": 1448016510976,
    ""network_id"": 23920443392,
    ""state"": ""active"",
    ""job_title"": """",
    ""location"": """",
    ""interests"": null,
    ""summary"": """",
    ""expertise"": null,
    ""full_name"": ""Parvin123_Test"",
    ""activated_at"": ""2022/04/11 11:57:36 +0000"",
    ""auto_activated"": false,
    ""show_ask_for_photo"": false,
    ""first_name"": ""Parvin123_Test"",
    ""last_name"": """",
    ""network_name"": ""Amazon"",
    ""network_domains"": [
      ""kendra001.onmicrosoft.com""
    ],
    ""url"": ""https://www.yammer.com/api/v1/users/1448016510976"",
    ""web_url"": ""https://www.yammer.com/kendra001.onmicrosoft.com/users/1448016510976"",
    ""name"": ""parvin2"",
    ""mugshot_url"": ""https://mugshot0.assets-yammer.com/mugshot/images/KkVKxxLnP6PWMMbBztbKqCsmJcPDNkxh_ee15bed6-fc44-4311-b9e5-e3c9fbb19897?P1=1651672960&P2=104&P3=1&P4=uZ2WPWeGdrudDnHoAMNKBedc0MPUhy6Vd51_dYy6b_36hjwvCUbyFG__2vPV0Bml8Lz9FuzguuKAnPqyiTQ97xV8BeKzBN8xykIQkMFuHeF3b0MJL_wAEvrtO0DEep3SzyJkeB_ezNgF3NDS5LD9hWNXeRsf8lrvjOrWo-lELeS4TDqMfP9GuAgbFsuEyT8l7ogn3sEDJ3ARNgloC7y80cOPNNeLx4lO6ZmdeJbsSQ0rDRrxzi_Ogy_JDOkH8EEp0Gm_FtA_N2Rd5VCZv6J_1c6XTFLnIVnSJoZRroL3mE_QIpBiHbrqRAASMD7dW7LjSHi3d46enD7-r6g3SZVCqA&size=48x48"",
    ""mugshot_redirect_url"": ""https://www.yammer.com/mugshot/images/redirect/48x48/KkVKxxLnP6PWMMbBztbKqCsmJcPDNkxh_ee15bed6-fc44-4311-b9e5-e3c9fbb19897"",
    ""mugshot_url_template"": ""https://mugshot0.assets-yammer.com/mugshot/images/KkVKxxLnP6PWMMbBztbKqCsmJcPDNkxh_ee15bed6-fc44-4311-b9e5-e3c9fbb19897?P1=1651672960&P2=104&P3=1&P4=uZ2WPWeGdrudDnHoAMNKBedc0MPUhy6Vd51_dYy6b_36hjwvCUbyFG__2vPV0Bml8Lz9FuzguuKAnPqyiTQ97xV8BeKzBN8xykIQkMFuHeF3b0MJL_wAEvrtO0DEep3SzyJkeB_ezNgF3NDS5LD9hWNXeRsf8lrvjOrWo-lELeS4TDqMfP9GuAgbFsuEyT8l7ogn3sEDJ3ARNgloC7y80cOPNNeLx4lO6ZmdeJbsSQ0rDRrxzi_Ogy_JDOkH8EEp0Gm_FtA_N2Rd5VCZv6J_1c6XTFLnIVnSJoZRroL3mE_QIpBiHbrqRAASMD7dW7LjSHi3d46enD7-r6g3SZVCqA&size={width}x{height}"",
    ""mugshot_redirect_url_template"": ""https://www.yammer.com/mugshot/images/redirect/{width}x{height}/KkVKxxLnP6PWMMbBztbKqCsmJcPDNkxh_ee15bed6-fc44-4311-b9e5-e3c9fbb19897"",
    ""birth_date"": """",
    ""birth_date_complete"": """",
    ""timezone"": ""Ekaterinburg"",
    ""external_urls"": [],
    ""admin"": ""false"",
    ""verified_admin"": ""false"",
    ""m365_yammer_admin"": ""false"",
    ""supervisor_admin"": ""false"",
    ""o365_tenant_admin"": ""false"",
    ""can_broadcast"": ""false"",
    ""department"": null,
    ""email"": ""parvin2@kendra001.onmicrosoft.com"",
    ""guest"": false,
    ""aad_guest"": false,
    ""can_view_delegations"": false,
    ""can_create_new_network"": true,
    ""can_browse_external_networks"": true,
    ""reaction_accent_color"": ""none"",
    ""significant_other"": """",
    ""kids_names"": """",
    ""previous_companies"": [],
    ""schools"": [],
    ""contact"": {
      ""im"": {
        ""provider"": """",
        ""username"": """"
      },
      ""phone_numbers"": [],
      ""email_addresses"": [
        {
          ""type"": ""primary"",
          ""address"": ""parvin2@kendra001.onmicrosoft.com""
        }
      ],
      ""has_fake_email"": true
    },
    ""stats"": {
      ""following"": 2,
      ""followers"": 0,
      ""updates"": 0
    },
    ""settings"": {
      ""xdr_proxy"": """"
    },
    ""show_invite_lightbox"": false
  },
  {
    ""type"": ""user"",
    ""id"": 1429137874944,
    ""network_id"": 23920443392,
    ""state"": ""active"",
    ""job_title"": """",
    ""location"": """",
    ""interests"": null,
    ""summary"": """",
    ""expertise"": null,
    ""full_name"": ""persistent_test"",
    ""activated_at"": ""2022/03/28 10:31:40 +0000"",
    ""auto_activated"": false,
    ""show_ask_for_photo"": false,
    ""first_name"": ""persistent_test"",
    ""last_name"": """",
    ""network_name"": ""Amazon"",
    ""network_domains"": [
      ""kendra001.onmicrosoft.com""
    ],
    ""url"": ""https://www.yammer.com/api/v1/users/1429137874944"",
    ""web_url"": ""https://www.yammer.com/kendra001.onmicrosoft.com/users/1429137874944"",
    ""name"": ""persistenttest"",
    ""mugshot_url"": ""https://mugshot0.assets-yammer.com/mugshot/images/XJGqG2TdDJHHW30qG4nzPhjs59MR0Bg6_23c5d689-83cb-4999-8c3f-b4e7d4990a2f?P1=1651672435&P2=104&P3=1&P4=t3lLH8i1iaA8HzU1zMRyZIqQZfzlDsQ2Wsvmx7cKLL1b72BwG1q6UvawmYFPqXEohVfU_A9smNvKgPfsEuuI4NvLEfWkEdmz54Y8osQlPmppxHQ68_Ap2gMXmH2tDNzUlRqV0-SIJGhyepRwliRCQznEpZnsONljwNHwH4kH2vheGz-z2-q_cbCVK-vgt9k-JmZ8olsm_yv1Okw2ni1Jh-AgDBYRjqGANkhkoEA40InMrWkKDF6x17e0zCm2sgFrt1orycQ7SCQUDzLlaibA55Ibkmo9twT51pkD5xuYt-QDVjwbZnjq28z89HZHpIzT9i0-QJ_9a40Lg6qicvmMWg&size=48x48"",
    ""mugshot_redirect_url"": ""https://www.yammer.com/mugshot/images/redirect/48x48/XJGqG2TdDJHHW30qG4nzPhjs59MR0Bg6_23c5d689-83cb-4999-8c3f-b4e7d4990a2f"",
    ""mugshot_url_template"": ""https://mugshot0.assets-yammer.com/mugshot/images/XJGqG2TdDJHHW30qG4nzPhjs59MR0Bg6_23c5d689-83cb-4999-8c3f-b4e7d4990a2f?P1=1651672435&P2=104&P3=1&P4=t3lLH8i1iaA8HzU1zMRyZIqQZfzlDsQ2Wsvmx7cKLL1b72BwG1q6UvawmYFPqXEohVfU_A9smNvKgPfsEuuI4NvLEfWkEdmz54Y8osQlPmppxHQ68_Ap2gMXmH2tDNzUlRqV0-SIJGhyepRwliRCQznEpZnsONljwNHwH4kH2vheGz-z2-q_cbCVK-vgt9k-JmZ8olsm_yv1Okw2ni1Jh-AgDBYRjqGANkhkoEA40InMrWkKDF6x17e0zCm2sgFrt1orycQ7SCQUDzLlaibA55Ibkmo9twT51pkD5xuYt-QDVjwbZnjq28z89HZHpIzT9i0-QJ_9a40Lg6qicvmMWg&size={width}x{height}"",
    ""mugshot_redirect_url_template"": ""https://www.yammer.com/mugshot/images/redirect/{width}x{height}/XJGqG2TdDJHHW30qG4nzPhjs59MR0Bg6_23c5d689-83cb-4999-8c3f-b4e7d4990a2f"",
    ""birth_date"": """",
    ""birth_date_complete"": """",
    ""timezone"": ""Ekaterinburg"",
    ""external_urls"": [],
    ""admin"": ""true"",
    ""verified_admin"": ""true"",
    ""m365_yammer_admin"": ""false"",
    ""supervisor_admin"": ""false"",
    ""o365_tenant_admin"": ""false"",
    ""can_broadcast"": ""true"",
    ""department"": null,
    ""email"": ""persistent_test@kendra001.onmicrosoft.com"",
    ""guest"": false,
    ""aad_guest"": false,
    ""can_view_delegations"": false,
    ""can_create_new_network"": true,
    ""can_browse_external_networks"": true,
    ""reaction_accent_color"": ""none"",
    ""significant_other"": """",
    ""kids_names"": """",
    ""previous_companies"": [],
    ""schools"": [],
    ""contact"": {
      ""im"": {
        ""provider"": """",
        ""username"": """"
      },
      ""phone_numbers"": [],
      ""email_addresses"": [
        {
          ""type"": ""primary"",
          ""address"": ""persistent_test@kendra001.onmicrosoft.com""
        }
      ],
      ""has_fake_email"": false
    },
    ""stats"": {
      ""following"": 1,
      ""followers"": 1,
      ""updates"": 0
    },
    ""settings"": {
      ""xdr_proxy"": """"
    },
    ""show_invite_lightbox"": false
  },
  {
    ""type"": ""user"",
    ""id"": 560692469760,
    ""network_id"": 23920443392,
    ""state"": ""active"",
    ""job_title"": """",
    ""location"": """",
    ""interests"": null,
    ""summary"": """",
    ""expertise"": null,
    ""full_name"": ""Suryansh Purwar"",
    ""activated_at"": ""2020/05/05 00:57:15 +0000"",
    ""auto_activated"": false,
    ""show_ask_for_photo"": false,
    ""first_name"": ""Suryansh"",
    ""last_name"": ""Purwar"",
    ""network_name"": ""Amazon"",
    ""network_domains"": [
      ""kendra001.onmicrosoft.com""
    ],
    ""url"": ""https://www.yammer.com/api/v1/users/560692469760"",
    ""web_url"": ""https://www.yammer.com/kendra001.onmicrosoft.com/users/560692469760"",
    ""name"": ""suryansh"",
    ""mugshot_url"": ""https://mugshot0.assets-yammer.com/mugshot/images/GNcb6Pz57KW97rxl-TSrw58dXbRlClrf_fc75d584-6cf3-41f8-8cf0-03eafc8cdb1b?P1=1651672860&P2=104&P3=1&P4=CcFSho3AngkGI9b5SEAvfXQeyAO1Ug4MSjrmiilq1DdGn2iB3iHSMwy_epqemNWuGIBrIv1AIcqVmYqHVptpcW-q3TW8hbX7YXJbMFK-vPT1ohfwrm7a1vJ6P67NbdkYOK7YsPGgE-zAheTmk8UTIhV-BQlhHc3z2-5Xl4lKFo70O9iHlSrjoTLi1rGJ0l0FMN7kMqtBtE2HjYMpW9htIWZMQCVsUHJj9rTyGsG9OTRM7GlZg35Vw_gtKWQrUsRPb6tJmmjLZYu_ibnKnKxivQLJsc6lj3FUhjubqGUDgMkYu1eIBmwjO-oHRrQQ95oyM9AeUCwXxvC5XzjTs_KTCw&size=48x48"",
    ""mugshot_redirect_url"": ""https://www.yammer.com/mugshot/images/redirect/48x48/GNcb6Pz57KW97rxl-TSrw58dXbRlClrf_fc75d584-6cf3-41f8-8cf0-03eafc8cdb1b"",
    ""mugshot_url_template"": ""https://mugshot0.assets-yammer.com/mugshot/images/GNcb6Pz57KW97rxl-TSrw58dXbRlClrf_fc75d584-6cf3-41f8-8cf0-03eafc8cdb1b?P1=1651672860&P2=104&P3=1&P4=CcFSho3AngkGI9b5SEAvfXQeyAO1Ug4MSjrmiilq1DdGn2iB3iHSMwy_epqemNWuGIBrIv1AIcqVmYqHVptpcW-q3TW8hbX7YXJbMFK-vPT1ohfwrm7a1vJ6P67NbdkYOK7YsPGgE-zAheTmk8UTIhV-BQlhHc3z2-5Xl4lKFo70O9iHlSrjoTLi1rGJ0l0FMN7kMqtBtE2HjYMpW9htIWZMQCVsUHJj9rTyGsG9OTRM7GlZg35Vw_gtKWQrUsRPb6tJmmjLZYu_ibnKnKxivQLJsc6lj3FUhjubqGUDgMkYu1eIBmwjO-oHRrQQ95oyM9AeUCwXxvC5XzjTs_KTCw&size={width}x{height}"",
    ""mugshot_redirect_url_template"": ""https://www.yammer.com/mugshot/images/redirect/{width}x{height}/GNcb6Pz57KW97rxl-TSrw58dXbRlClrf_fc75d584-6cf3-41f8-8cf0-03eafc8cdb1b"",
    ""birth_date"": """",
    ""birth_date_complete"": """",
    ""timezone"": ""Pacific Time (US & Canada)"",
    ""external_urls"": [],
    ""admin"": ""true"",
    ""verified_admin"": ""true"",
    ""m365_yammer_admin"": ""false"",
    ""supervisor_admin"": ""false"",
    ""o365_tenant_admin"": ""true"",
    ""can_broadcast"": ""true"",
    ""department"": null,
    ""email"": ""suryansh@kendra001.onmicrosoft.com"",
    ""guest"": false,
    ""aad_guest"": false,
    ""can_view_delegations"": false,
    ""can_create_new_network"": true,
    ""can_browse_external_networks"": true,
    ""reaction_accent_color"": ""none"",
    ""significant_other"": """",
    ""kids_names"": """",
    ""previous_companies"": [],
    ""schools"": [],
    ""contact"": {
      ""im"": {
        ""provider"": """",
        ""username"": """"
      },
      ""phone_numbers"": [],
      ""email_addresses"": [
        {
          ""type"": ""primary"",
          ""address"": ""suryansh@kendra001.onmicrosoft.com""
        }
      ],
      ""has_fake_email"": true
    },
    ""stats"": {
      ""following"": 0,
      ""followers"": 0,
      ""updates"": 0
    },
    ""settings"": {
      ""xdr_proxy"": """"
    },
    ""show_invite_lightbox"": false
  },
  {
    ""type"": ""user"",
    ""id"": 560692486144,
    ""network_id"": 23920443392,
    ""state"": ""active"",
    ""job_title"": """",
    ""location"": """",
    ""interests"": null,
    ""summary"": """",
    ""expertise"": null,
    ""full_name"": ""Tony Aguilar"",
    ""activated_at"": ""2020/05/05 00:57:13 +0000"",
    ""auto_activated"": false,
    ""show_ask_for_photo"": false,
    ""first_name"": ""Tony"",
    ""last_name"": ""Aguilar"",
    ""network_name"": ""Amazon"",
    ""network_domains"": [
      ""kendra001.onmicrosoft.com""
    ],
    ""url"": ""https://www.yammer.com/api/v1/users/560692486144"",
    ""web_url"": ""https://www.yammer.com/kendra001.onmicrosoft.com/users/560692486144"",
    ""name"": ""kendra"",
    ""mugshot_url"": ""https://mugshot0.assets-yammer.com/mugshot/images/BdtmCTZBDxVl8cfKs5k9w0WcR3tbBZch_67cf7944-ba7f-4c86-8ca3-f26bc9a96f12?P1=1651672789&P2=104&P3=1&P4=shjAb6oQNBXeiG6Vap8T7NWf3mkMehvmx7QLlembOWXhSng0O9tGQlmLOOA-UC91Ds8WOGBxK-bCQ4iwNKKrq1B1nN3xR8PCjgytyUybOYjg4zgu3YnX9QZTuXqA31j57UKlAxf72SEk4zdRB_FNEpN11L9gYseZpH5E0mXgiduoVoZEDBioQVIIUT9UxOpoSFw4NwBQCsO9aijX-I-fWVrl8N4jwBbXk3l2QRg3qD8VLTw3N-dqXgrEwcUzLU88gXpC0f0hG7tSrOXwDfxMX4bf3bmwSdyLCKZb01JoHCXUhUqsWq-zFpEDYQwuX7aUravQRDKR2qVXEqwZI-cOsQ&size=48x48"",
    ""mugshot_redirect_url"": ""https://www.yammer.com/mugshot/images/redirect/48x48/BdtmCTZBDxVl8cfKs5k9w0WcR3tbBZch_67cf7944-ba7f-4c86-8ca3-f26bc9a96f12"",
    ""mugshot_url_template"": ""https://mugshot0.assets-yammer.com/mugshot/images/BdtmCTZBDxVl8cfKs5k9w0WcR3tbBZch_67cf7944-ba7f-4c86-8ca3-f26bc9a96f12?P1=1651672789&P2=104&P3=1&P4=shjAb6oQNBXeiG6Vap8T7NWf3mkMehvmx7QLlembOWXhSng0O9tGQlmLOOA-UC91Ds8WOGBxK-bCQ4iwNKKrq1B1nN3xR8PCjgytyUybOYjg4zgu3YnX9QZTuXqA31j57UKlAxf72SEk4zdRB_FNEpN11L9gYseZpH5E0mXgiduoVoZEDBioQVIIUT9UxOpoSFw4NwBQCsO9aijX-I-fWVrl8N4jwBbXk3l2QRg3qD8VLTw3N-dqXgrEwcUzLU88gXpC0f0hG7tSrOXwDfxMX4bf3bmwSdyLCKZb01JoHCXUhUqsWq-zFpEDYQwuX7aUravQRDKR2qVXEqwZI-cOsQ&size={width}x{height}"",
    ""mugshot_redirect_url_template"": ""https://www.yammer.com/mugshot/images/redirect/{width}x{height}/BdtmCTZBDxVl8cfKs5k9w0WcR3tbBZch_67cf7944-ba7f-4c86-8ca3-f26bc9a96f12"",
    ""birth_date"": """",
    ""birth_date_complete"": """",
    ""timezone"": ""Pacific Time (US & Canada)"",
    ""external_urls"": [],
    ""admin"": ""true"",
    ""verified_admin"": ""true"",
    ""m365_yammer_admin"": ""false"",
    ""supervisor_admin"": ""false"",
    ""o365_tenant_admin"": ""true"",
    ""can_broadcast"": ""true"",
    ""department"": null,
    ""email"": ""kendra@kendra001.onmicrosoft.com"",
    ""guest"": false,
    ""aad_guest"": false,
    ""can_view_delegations"": false,
    ""can_create_new_network"": true,
    ""can_browse_external_networks"": true,
    ""reaction_accent_color"": ""none"",
    ""significant_other"": """",
    ""kids_names"": """",
    ""previous_companies"": [],
    ""schools"": [],
    ""contact"": {
      ""im"": {
        ""provider"": """",
        ""username"": """"
      },
      ""phone_numbers"": [
        {
          ""type"": ""work"",
          ""number"": ""1-206-266-5245""
        }
      ],
      ""email_addresses"": [
        {
          ""type"": ""primary"",
          ""address"": ""kendra@kendra001.onmicrosoft.com""
        }
      ],
      ""has_fake_email"": false
    },
    ""stats"": {
      ""following"": 0,
      ""followers"": 2,
      ""updates"": 0
    },
    ""settings"": {
      ""xdr_proxy"": """"
    },
    ""show_invite_lightbox"": false
  }
]",https://www.yammer.com/api/v1/users.json
